#
# There is insufficient memory for the Java Runtime Environment to continue.
# Native memory allocation (mmap) failed to map 65536 bytes for Failed to commit metaspace.
# Possible reasons:
#   The system is out of physical RAM or swap space
#   The process is running with CompressedOops enabled, and the Java Heap may be blocking the growth of the native heap
# Possible solutions:
#   Reduce memory load on the system
#   Increase physical memory or swap space
#   Check if swap backing store is full
#   Decrease Java heap size (-Xmx/-Xms)
#   Decrease number of Java threads
#   Decrease Java thread stack sizes (-Xss)
#   Set larger code cache with -XX:ReservedCodeCacheSize=
#   JVM is running with Unscaled Compressed Oops mode in which the Java heap is
#     placed in the first 4GB address space. The Java Heap base address is the
#     maximum limit for the native heap growth. Please use -XX:HeapBaseMinAddress
#     to set the Java Heap base and to place the Java Heap above 4GB virtual address.
# This output file may be truncated or incomplete.
#
#  Out of Memory Error (virtualSpaceNode.cpp:112), pid=14148, tid=20364
#
# JRE version: Java(TM) SE Runtime Environment Oracle GraalVM 21.0.5+9.1 (21.0.5+9) (build 21.0.5+9-LTS-jvmci-23.1-b48)
# Java VM: Java HotSpot(TM) 64-Bit Server VM Oracle GraalVM 21.0.5+9.1 (21.0.5+9-LTS-jvmci-23.1-b48, mixed mode, sharing, tiered, jvmci, jvmci compiler, compressed oops, compressed class ptrs, g1 gc, windows-amd64)
# No core dump will be written. Minidumps are not enabled by default on client versions of Windows
#

---------------  S U M M A R Y ------------

Command Line: -XX:ThreadPriorityPolicy=1 -XX:+UnlockExperimentalVMOptions -XX:+EnableJVMCIProduct -XX:-UnlockExperimentalVMOptions -javaagent:D:\IntelliJ IDEA Community Edition 2024.3\lib\idea_rt.jar=64185:D:\IntelliJ IDEA Community Edition 2024.3\bin -Dfile.encoding=UTF-8 -Dsun.stdout.encoding=UTF-8 -Dsun.stderr.encoding=UTF-8 com.fineforms.backend.FormServiceApplicationFF

Host: AMD Ryzen 3 2200G with Radeon Vega Graphics    , 4 cores, 7G,  Windows 10 , 64 bit Build 19041 (10.0.19041.5915)
Time: Mon Sep 15 00:35:11 2025 Central Europe Daylight Time elapsed time: 3.820011 seconds (0d 0h 0m 3s)

---------------  T H R E A D  ---------------

Current thread (0x000001d041051d50):  JavaThread "background-preinit"        [_thread_in_vm, id=20364, stack(0x0000005251800000,0x0000005251900000) (1024K)]

Stack: [0x0000005251800000,0x0000005251900000]
Native frames: (J=compiled Java code, j=interpreted, Vv=VM code, C=native code)
V  [jvm.dll+0x6d3bd9]
V  [jvm.dll+0x85e3a1]
V  [jvm.dll+0x8608ce]
V  [jvm.dll+0x860fa3]
V  [jvm.dll+0x27e016]
V  [jvm.dll+0x859fbe]
V  [jvm.dll+0x677925]
V  [jvm.dll+0x1e415c]
V  [jvm.dll+0x1e3f2e]
V  [jvm.dll+0x67a253]
V  [jvm.dll+0x67a072]
V  [jvm.dll+0x6782fe]
V  [jvm.dll+0x3bd23f]
V  [jvm.dll+0x20d09b]
V  [jvm.dll+0x5b6826]
V  [jvm.dll+0x7d8636]
V  [jvm.dll+0x470af6]
V  [jvm.dll+0x476978]
C  [java.dll+0x17ec]

Java frames: (J=compiled Java code, j=interpreted, Vv=VM code)
J 847  java.lang.ClassLoader.defineClass1(Ljava/lang/ClassLoader;Ljava/lang/String;[BIILjava/security/ProtectionDomain;Ljava/lang/String;)Ljava/lang/Class; java.base@21.0.5 (0 bytes) @ 0x000001d05b7675f1 [0x000001d05b767520+0x00000000000000d1]
J 1023 c1 java.lang.ClassLoader.defineClass(Ljava/lang/String;[BIILjava/security/ProtectionDomain;)Ljava/lang/Class; java.base@21.0.5 (43 bytes) @ 0x000001d053def8c4 [0x000001d053def420+0x00000000000004a4]
J 1022 c1 java.security.SecureClassLoader.defineClass(Ljava/lang/String;[BIILjava/security/CodeSource;)Ljava/lang/Class; java.base@21.0.5 (16 bytes) @ 0x000001d053def01c [0x000001d053deef40+0x00000000000000dc]
J 1096 c1 jdk.internal.loader.BuiltinClassLoader.defineClass(Ljava/lang/String;Ljdk/internal/loader/Resource;)Ljava/lang/Class; java.base@21.0.5 (121 bytes) @ 0x000001d053e10ff4 [0x000001d053e0f240+0x0000000000001db4]
J 962 c1 jdk.internal.loader.BuiltinClassLoader.findClassOnClassPathOrNull(Ljava/lang/String;)Ljava/lang/Class; java.base@21.0.5 (64 bytes) @ 0x000001d053dad14c [0x000001d053dac300+0x0000000000000e4c]
J 661 c1 jdk.internal.loader.BuiltinClassLoader.loadClassOrNull(Ljava/lang/String;Z)Ljava/lang/Class; java.base@21.0.5 (143 bytes) @ 0x000001d053d14a6c [0x000001d053d13ae0+0x0000000000000f8c]
J 871 c1 jdk.internal.loader.ClassLoaders$AppClassLoader.loadClass(Ljava/lang/String;Z)Ljava/lang/Class; java.base@21.0.5 (40 bytes) @ 0x000001d053d7ca14 [0x000001d053d7c6e0+0x0000000000000334]
J 868 c1 java.lang.ClassLoader.loadClass(Ljava/lang/String;)Ljava/lang/Class; java.base@21.0.5 (7 bytes) @ 0x000001d053d7b71c [0x000001d053d7b4c0+0x000000000000025c]
v  ~StubRoutines::call_stub 0x000001d05b11100d
J 847  java.lang.ClassLoader.defineClass1(Ljava/lang/ClassLoader;Ljava/lang/String;[BIILjava/security/ProtectionDomain;Ljava/lang/String;)Ljava/lang/Class; java.base@21.0.5 (0 bytes) @ 0x000001d05b7675f1 [0x000001d05b767520+0x00000000000000d1]
J 1023 c1 java.lang.ClassLoader.defineClass(Ljava/lang/String;[BIILjava/security/ProtectionDomain;)Ljava/lang/Class; java.base@21.0.5 (43 bytes) @ 0x000001d053def8c4 [0x000001d053def420+0x00000000000004a4]
J 1022 c1 java.security.SecureClassLoader.defineClass(Ljava/lang/String;[BIILjava/security/CodeSource;)Ljava/lang/Class; java.base@21.0.5 (16 bytes) @ 0x000001d053def01c [0x000001d053deef40+0x00000000000000dc]
J 1096 c1 jdk.internal.loader.BuiltinClassLoader.defineClass(Ljava/lang/String;Ljdk/internal/loader/Resource;)Ljava/lang/Class; java.base@21.0.5 (121 bytes) @ 0x000001d053e10ff4 [0x000001d053e0f240+0x0000000000001db4]
J 962 c1 jdk.internal.loader.BuiltinClassLoader.findClassOnClassPathOrNull(Ljava/lang/String;)Ljava/lang/Class; java.base@21.0.5 (64 bytes) @ 0x000001d053dad14c [0x000001d053dac300+0x0000000000000e4c]
J 661 c1 jdk.internal.loader.BuiltinClassLoader.loadClassOrNull(Ljava/lang/String;Z)Ljava/lang/Class; java.base@21.0.5 (143 bytes) @ 0x000001d053d14a6c [0x000001d053d13ae0+0x0000000000000f8c]
J 871 c1 jdk.internal.loader.ClassLoaders$AppClassLoader.loadClass(Ljava/lang/String;Z)Ljava/lang/Class; java.base@21.0.5 (40 bytes) @ 0x000001d053d7ca14 [0x000001d053d7c6e0+0x0000000000000334]
J 868 c1 java.lang.ClassLoader.loadClass(Ljava/lang/String;)Ljava/lang/Class; java.base@21.0.5 (7 bytes) @ 0x000001d053d7b71c [0x000001d053d7b4c0+0x000000000000025c]
v  ~StubRoutines::call_stub 0x000001d05b11100d
J 847  java.lang.ClassLoader.defineClass1(Ljava/lang/ClassLoader;Ljava/lang/String;[BIILjava/security/ProtectionDomain;Ljava/lang/String;)Ljava/lang/Class; java.base@21.0.5 (0 bytes) @ 0x000001d05b7675f1 [0x000001d05b767520+0x00000000000000d1]
J 1023 c1 java.lang.ClassLoader.defineClass(Ljava/lang/String;[BIILjava/security/ProtectionDomain;)Ljava/lang/Class; java.base@21.0.5 (43 bytes) @ 0x000001d053def8c4 [0x000001d053def420+0x00000000000004a4]
J 1022 c1 java.security.SecureClassLoader.defineClass(Ljava/lang/String;[BIILjava/security/CodeSource;)Ljava/lang/Class; java.base@21.0.5 (16 bytes) @ 0x000001d053def01c [0x000001d053deef40+0x00000000000000dc]
J 1096 c1 jdk.internal.loader.BuiltinClassLoader.defineClass(Ljava/lang/String;Ljdk/internal/loader/Resource;)Ljava/lang/Class; java.base@21.0.5 (121 bytes) @ 0x000001d053e10ff4 [0x000001d053e0f240+0x0000000000001db4]
J 962 c1 jdk.internal.loader.BuiltinClassLoader.findClassOnClassPathOrNull(Ljava/lang/String;)Ljava/lang/Class; java.base@21.0.5 (64 bytes) @ 0x000001d053dad14c [0x000001d053dac300+0x0000000000000e4c]
J 661 c1 jdk.internal.loader.BuiltinClassLoader.loadClassOrNull(Ljava/lang/String;Z)Ljava/lang/Class; java.base@21.0.5 (143 bytes) @ 0x000001d053d14a6c [0x000001d053d13ae0+0x0000000000000f8c]
J 871 c1 jdk.internal.loader.ClassLoaders$AppClassLoader.loadClass(Ljava/lang/String;Z)Ljava/lang/Class; java.base@21.0.5 (40 bytes) @ 0x000001d053d7ca14 [0x000001d053d7c6e0+0x0000000000000334]
J 868 c1 java.lang.ClassLoader.loadClass(Ljava/lang/String;)Ljava/lang/Class; java.base@21.0.5 (7 bytes) @ 0x000001d053d7b71c [0x000001d053d7b4c0+0x000000000000025c]
v  ~StubRoutines::call_stub 0x000001d05b11100d
j  org.springframework.boot.autoconfigure.BackgroundPreinitializer$TomcatInitializer.run()V+8
j  org.springframework.boot.autoconfigure.BackgroundPreinitializer$1.runSafely(Ljava/lang/Runnable;)Z+1
j  org.springframework.boot.autoconfigure.BackgroundPreinitializer$1.run()V+70
j  java.lang.Thread.runWith(Ljava/lang/Object;Ljava/lang/Runnable;)V+5 java.base@21.0.5
j  java.lang.Thread.run()V+19 java.base@21.0.5
v  ~StubRoutines::call_stub 0x000001d05b11100d

Compiled method (n/a)    3923  847     n 0       java.lang.ClassLoader::defineClass1 (native)
 total in heap  [0x000001d05b767390,0x000001d05b7679d0] = 1600
 relocation     [0x000001d05b7674e8,0x000001d05b767520] = 56
 main code      [0x000001d05b767520,0x000001d05b7679cf] = 1199
 stub code      [0x000001d05b7679cf,0x000001d05b7679d0] = 1

[Constant Pool (empty)]

[MachCode]
[Entry Point]
  # {method} {0x000001d00043aaa0} 'defineClass1' '(Ljava/lang/ClassLoader;Ljava/lang/String;[BIILjava/security/ProtectionDomain;Ljava/lang/String;)Ljava/lang/Class;' in 'java/lang/ClassLoader'
  # parm0:    rdx:rdx   = 'java/lang/ClassLoader'
  # parm1:    r8:r8     = 'java/lang/String'
  # parm2:    r9:r9     = '[B'
  # parm3:    rdi       = int
  # parm4:    rsi       = int
  # parm5:    rcx:rcx   = 'java/security/ProtectionDomain'
  # parm6:    [sp+0xa0]   = 'java/lang/String'  (sp of caller)
  0x000001d05b767520: 448b 5208 | 49bb 0000 | 0000 d001 | 0000 4d03 | d349 3bc2 | 0f84 0600 

  0x000001d05b767538: ;   {runtime_call ic_miss_stub}
  0x000001d05b767538: 0000 e941 | 729f ff90 
[Verified Entry Point]
  0x000001d05b767540: 8984 2400 | 80ff ff55 | 488b ec48 | 81ec 9000 | 0000 6690 | 4181 7f20 | 0100 0000 

  0x000001d05b76755c: ;   {runtime_call StubRoutines (final stubs)}
  0x000001d05b76755c: 7405 e87d | c89d ff48 | 837d 1000 | 488d 4510 | 480f 4445 | 1048 8944 | 2440 4889 | 4c24 7048 
  0x000001d05b76757c: 83f9 0048 | 8d44 2470 | 480f 4444 | 2470 4889 | 4424 3848 | 8974 2430 | 4889 7c24 | 284c 894c 
  0x000001d05b76759c: 2458 4983 | f900 488d | 4424 5848 | 0f44 4424 | 5848 8944 | 2420 4c89 | 4424 5049 | 83f8 004c 
  0x000001d05b7675bc: 8d4c 2450 | 4c0f 444c | 2450 4889 | 5424 4848 | 83fa 004c | 8d44 2448 | 4c0f 4444 

  0x000001d05b7675d8: ;   {oop(a 'java/lang/Class'{0x0000000080f918b8} = 'java/lang/ClassLoader')}
  0x000001d05b7675d8: 2448 49be | b818 f980 | 0000 0000 | 4c89 7424 | 784c 8d74 | 2478 498b | d6c5 f877 

  0x000001d05b7675f4: ;   {internal_word}
  0x000001d05b7675f4: 49ba f175 | 765b d001 | 0000 4d89 | 97a0 0300 | 0049 89a7 | 9803 0000 

  0x000001d05b76760c: ;   {external_word}
  0x000001d05b76760c: 49ba 20e8 | 59db fe7f | 0000 4180 | 3a00 0f84 | 4e00 0000 | 5241 5041 

  0x000001d05b767624: ;   {metadata({method} {0x000001d00043aaa0} 'defineClass1' '(Ljava/lang/ClassLoader;Ljava/lang/String;[BIILjava/security/ProtectionDomain;Ljava/lang/String;)Ljava/lang/Class;' in 'java/lang/ClassLoader')}
  0x000001d05b767624: 5148 ba98 | aa43 00d0 | 0100 0049 | 8bcf 4883 | ec20 40f6 | c40f 0f84 | 1900 0000 | 4883 ec08 
  0x000001d05b767644: ;   {runtime_call}
  0x000001d05b767644: 48b8 809a | 0adb fe7f | 0000 ffd0 | 4883 c408 | e90c 0000 

  0x000001d05b767658: ;   {runtime_call}
  0x000001d05b767658: 0048 b880 | 9a0a dbfe | 7f00 00ff | d048 83c4 | 2041 5941 | 585a 498d | 8fb8 0300 | 0041 c787 
  0x000001d05b767678: 4404 0000 | 0400 0000 

  0x000001d05b767680: ;   {runtime_call}
  0x000001d05b767680: 48b8 ac16 | a438 ff7f | 0000 ffd0 | c5f8 7741 | c787 4404 | 0000 0500 | 0000 f083 | 4424 c000 
  0x000001d05b7676a0: 493b af48 | 0400 000f | 870e 0000 | 0041 83bf | 4004 0000 | 000f 842b | 0000 00c5 | f877 4889 
  0x000001d05b7676c0: 45f8 498b | cf4c 8be4 | 4883 ec20 | 4883 e4f0 

  0x000001d05b7676d0: ;   {runtime_call}
  0x000001d05b7676d0: 48b8 a0b1 | d5da fe7f | 0000 ffd0 | 498b e44d | 33e4 488b | 45f8 41c7 | 8744 0400 | 0008 0000 
  0x000001d05b7676f0: 0041 83bf | c004 0000 | 020f 84a3 

  0x000001d05b7676fc: ;   {external_word}
  0x000001d05b7676fc: 0200 0049 | ba20 e859 | dbfe 7f00 | 0041 803a | 000f 844c | 0000 0048 

  0x000001d05b767714: ;   {metadata({method} {0x000001d00043aaa0} 'defineClass1' '(Ljava/lang/ClassLoader;Ljava/lang/String;[BIILjava/security/ProtectionDomain;Ljava/lang/String;)Ljava/lang/Class;' in 'java/lang/ClassLoader')}
  0x000001d05b767714: 8945 f848 | ba98 aa43 | 00d0 0100 | 0049 8bcf | 4883 ec20 | 40f6 c40f | 0f84 1900 | 0000 4883 
  0x000001d05b767734: ;   {runtime_call}
  0x000001d05b767734: ec08 48b8 | 809a 0adb | fe7f 0000 | ffd0 4883 | c408 e90c 

  0x000001d05b767748: ;   {runtime_call}
  0x000001d05b767748: 0000 0048 | b880 9a0a | dbfe 7f00 | 00ff d048 | 83c4 2048 | 8b45 f849 | c787 9803 | 0000 0000 
  0x000001d05b767768: 0000 49c7 | 87a0 0300 | 0000 0000 | 00c5 f877 | 4885 c00f | 84fe 0100 | 00a8 030f | 8508 0000 
  0x000001d05b767788: 0048 8b00 | e9ee 0100 | 00a8 010f | 8509 0000 | 0048 8b40 | fee9 dd01 | 0000 488b | 40ff 4180 
  0x000001d05b7677a8: 7f40 000f | 84ce 0100 | 0048 83f8 | 000f 84c4 | 0100 0049 | 8b4f 2848 | 83f9 000f | 8414 0000 
  0x000001d05b7677c8: 0048 83e9 | 0849 894f | 2849 034f | 3848 8901 | e9a2 0100 | 0048 81ec | d000 0000 | 4889 0424 
  0x000001d05b7677e8: 4889 4c24 | 0848 8954 | 2410 4889 | 7424 1848 | 897c 2420 | 4c89 4424 | 284c 894c | 2430 4c89 
  0x000001d05b767808: 5424 384c | 895c 2440 | c5fb 1144 | 2450 c5fb | 114c 2458 | c5fb 1154 | 2460 c5fb | 115c 2468 
  0x000001d05b767828: c5fb 1164 | 2470 c5fb | 116c 2478 | c5fb 11b4 | 2480 0000 | 00c5 fb11 | bc24 8800 | 0000 c57b 
  0x000001d05b767848: ;   {no_reloc}
  0x000001d05b767848: 1184 2490 | 0000 00c5 | 7b11 8c24 | 9800 0000 | c57b 1194 | 24a0 0000 | 00c5 7b11 | 9c24 a800 
  0x000001d05b767868: 0000 c57b | 11a4 24b0 | 0000 00c5 | 7b11 ac24 | b800 0000 | c57b 11b4 | 24c0 0000 | 00c5 7b11 
  0x000001d05b767888: bc24 c800 | 0000 498b | d748 8bc8 | 4883 ec20 | 40f6 c40f | 0f84 1900 | 0000 4883 

  0x000001d05b7678a4: ;   {runtime_call}
  0x000001d05b7678a4: ec08 48b8 | c0f0 c8da | fe7f 0000 | ffd0 4883 | c408 e90c 

  0x000001d05b7678b8: ;   {runtime_call}
  0x000001d05b7678b8: 0000 0048 | b8c0 f0c8 | dafe 7f00 | 00ff d048 | 83c4 20c5 | 7b10 bc24 | c800 0000 | c57b 10b4 
  0x000001d05b7678d8: 24c0 0000 | 00c5 7b10 | ac24 b800 | 0000 c57b | 10a4 24b0 | 0000 00c5 | 7b10 9c24 | a800 0000 
  0x000001d05b7678f8: c57b 1094 | 24a0 0000 | 00c5 7b10 | 8c24 9800 | 0000 c57b | 1084 2490 | 0000 00c5 | fb10 bc24 
  0x000001d05b767918: 8800 0000 | c5fb 10b4 | 2480 0000 | 00c5 fb10 | 6c24 78c5 | fb10 6424 | 70c5 fb10 | 5c24 68c5 
  0x000001d05b767938: fb10 5424 | 60c5 fb10 | 4c24 58c5 | fb10 4424 | 504c 8b5c | 2440 4c8b | 5424 384c | 8b4c 2430 
  0x000001d05b767958: 4c8b 4424 | 2848 8b7c | 2420 488b | 7424 1848 | 8b54 2410 | 488b 4c24 | 0848 8b04 | 2448 81c4 
  0x000001d05b767978: d000 0000 | c5f8 7749 | 8b8f 2804 | 0000 c781 | 0001 0000 | 0000 0000 | c949 837f | 0800 0f85 
  0x000001d05b767998: 0100 0000 

  0x000001d05b76799c: ;   {runtime_call StubRoutines (initial stubs)}
  0x000001d05b76799c: c3e9 5e95 | 9aff c5f8 | 7748 8945 | f84c 8be4 | 4883 ec20 | 4883 e4f0 

  0x000001d05b7679b4: ;   {runtime_call}
  0x000001d05b7679b4: 48b8 70d2 | 0adb fe7f | 0000 ffd0 | 498b e44d | 33e4 488b | 45f8 e930 | fdff fff4 
[/MachCode]


Compiled method (c1)    3939 1023       3       java.lang.ClassLoader::defineClass (43 bytes)
 total in heap  [0x000001d053def210,0x000001d053defcb0] = 2720
 relocation     [0x000001d053def368,0x000001d053def408] = 160
 main code      [0x000001d053def420,0x000001d053defa08] = 1512
 stub code      [0x000001d053defa08,0x000001d053defa80] = 120
 metadata       [0x000001d053defa80,0x000001d053defab0] = 48
 scopes data    [0x000001d053defab0,0x000001d053defba0] = 240
 scopes pcs     [0x000001d053defba0,0x000001d053defc80] = 224
 dependencies   [0x000001d053defc80,0x000001d053defc88] = 8
 nul chk table  [0x000001d053defc88,0x000001d053defcb0] = 40

[Constant Pool (empty)]

[MachCode]
[Entry Point]
  # {method} {0x000001d00043ae20} 'defineClass' '(Ljava/lang/String;[BIILjava/security/ProtectionDomain;)Ljava/lang/Class;' in 'java/lang/ClassLoader'
  # this:     rdx:rdx   = 'java/lang/ClassLoader'
  # parm0:    r8:r8     = 'java/lang/String'
  # parm1:    r9:r9     = '[B'
  # parm2:    rdi       = int
  # parm3:    rsi       = int
  # parm4:    rcx:rcx   = 'java/security/ProtectionDomain'
  #           [sp+0xc0]  (sp of caller)
  0x000001d053def420: 448b 5208 | 49bb 0000 | 0000 d001 | 0000 4d03 | d34c 3bd0 

  0x000001d053def434: ;   {runtime_call ic_miss_stub}
  0x000001d053def434: 0f85 46f3 | 3607 660f | 1f44 0000 
[Verified Entry Point]
  0x000001d053def440: 8984 2400 | 80ff ff55 | 4881 ecb0 | 0000 0090 | 4181 7f20 | 0100 0000 

  0x000001d053def458: ;   {runtime_call StubRoutines (final stubs)}
  0x000001d053def458: 7405 e881 | 4935 0748 | 8954 2478 

  0x000001d053def464: ;   {metadata(method data for {method} {0x000001d00043ae20} 'defineClass' '(Ljava/lang/String;[BIILjava/security/ProtectionDomain;)Ljava/lang/Class;' in 'java/lang/ClassLoader')}
  0x000001d053def464: 48bb c04f | 1f69 d001 | 0000 8b83 | cc00 0000 | 83c0 0289 | 83cc 0000 | 0025 fe07 | 0000 85c0 
  0x000001d053def484: 0f84 a004 | 0000 89b4 | 2494 0000 | 0089 bc24 | 9000 0000 | 4c89 8c24 | 8800 0000 

  0x000001d053def4a0: ;   {metadata(method data for {method} {0x000001d00043ae20} 'defineClass' '(Ljava/lang/String;[BIILjava/security/ProtectionDomain;)Ljava/lang/Class;' in 'java/lang/ClassLoader')}
  0x000001d053def4a0: 488b da48 | b8c0 4f1f | 69d0 0100 | 0048 8380 | 1001 0000 | 0149 8bd8 | 4c8b c34c | 8bc9 488b 
  0x000001d053def4c0: ca48 8bd1 | 4889 9c24 | 8000 0000 

  0x000001d053def4cc: ;   {optimized virtual_call}
  0x000001d053def4cc: 6666 90e8 

  0x000001d053def4d0: ; ImmutableOopMap {[120]=Oop [128]=Oop [136]=Oop }
                      ;*invokevirtual preDefineClass {reexecute=0 rethrow=0 return_oop=0}
                      ; - java.lang.ClassLoader::defineClass@4 (line 1025)
  0x000001d053def4d0: 4c59 ffff 

  0x000001d053def4d4: ;   {other}
  0x000001d053def4d4: 0f1f 8400 | c402 0000 | 4889 8424 | 9800 0000 | 488b 5424 

  0x000001d053def4e8: ;   {metadata(method data for {method} {0x000001d00043ae20} 'defineClass' '(Ljava/lang/String;[BIILjava/security/ProtectionDomain;)Ljava/lang/Class;' in 'java/lang/ClassLoader')}
  0x000001d053def4e8: 7849 b8c0 | 4f1f 69d0 | 0100 0049 | 8380 a801 

  0x000001d053def4f8: ;   {metadata(method data for {method} {0x000001d00043ab08} 'defineClassSourceLocation' '(Ljava/security/ProtectionDomain;)Ljava/lang/String;' in 'java/lang/ClassLoader')}
  0x000001d053def4f8: 0000 0149 | b838 fa1e | 69d0 0100 | 0041 8b90 | cc00 0000 | 83c2 0241 | 8990 cc00 | 0000 81e2 
  0x000001d053def518: feff 1f00 | 85d2 0f84 | 2704 0000 

  0x000001d053def524: ; implicit exception: dispatches to 0x000001d053def96c
  0x000001d053def524: 483b 004c 

  0x000001d053def528: ;   {metadata(method data for {method} {0x000001d00043ab08} 'defineClassSourceLocation' '(Ljava/security/ProtectionDomain;)Ljava/lang/String;' in 'java/lang/ClassLoader')}
  0x000001d053def528: 8bc0 48ba | 38fa 1e69 | d001 0000 | 4883 8210 | 0100 0001 | 448b 4010 

  0x000001d053def540: ;   {metadata(method data for {method} {0x000001d00043ab08} 'defineClassSourceLocation' '(Ljava/security/ProtectionDomain;)Ljava/lang/String;' in 'java/lang/ClassLoader')}
  0x000001d053def540: 4d85 c048 | ba38 fa1e | 69d0 0100 | 0048 beb8 | 0100 0000 | 0000 0075 | 0a48 bea8 | 0100 0000 
  0x000001d053def560: 0000 0048 | 8b3c 3248 | 8d7f 0148 | 893c 320f | 850f 0000 

  0x000001d053def574: ;   {oop(nullptr)}
  0x000001d053def574: 0048 bb00 | 0000 0000 | 0000 00e9 | eb02 0000 

  0x000001d053def584: ; implicit exception: dispatches to 0x000001d053def971
  0x000001d053def584: 493b 0049 

  0x000001d053def588: ;   {metadata(method data for {method} {0x000001d00043ab08} 'defineClassSourceLocation' '(Ljava/security/ProtectionDomain;)Ljava/lang/String;' in 'java/lang/ClassLoader')}
  0x000001d053def588: 8bd0 48be | 38fa 1e69 | d001 0000 | 4883 86c8 | 0100 0001 | 418b 500c 

  0x000001d053def5a0: ;   {metadata(method data for {method} {0x000001d00043ab08} 'defineClassSourceLocation' '(Ljava/security/ProtectionDomain;)Ljava/lang/String;' in 'java/lang/ClassLoader')}
  0x000001d053def5a0: 4885 d248 | be38 fa1e | 69d0 0100 | 0048 bf70 | 0200 0000 | 0000 0075 | 0a48 bf60 | 0200 0000 
  0x000001d053def5c0: 0000 0048 | 8b1c 3e48 | 8d5b 0148 | 891c 3e0f | 850f 0000 

  0x000001d053def5d4: ;   {oop(nullptr)}
  0x000001d053def5d4: 0048 bb00 | 0000 0000 | 0000 00e9 | 8b02 0000 

  0x000001d053def5e4: ;   {metadata(method data for {method} {0x000001d00043ab08} 'defineClassSourceLocation' '(Ljava/security/ProtectionDomain;)Ljava/lang/String;' in 'java/lang/ClassLoader')}
  0x000001d053def5e4: 48be 38fa | 1e69 d001 | 0000 4883 | 8680 0200 | 0001 483b | 024c 8bc2 

  0x000001d053def5fc: ;   {metadata(method data for {method} {0x000001d00043ab08} 'defineClassSourceLocation' '(Ljava/security/ProtectionDomain;)Ljava/lang/String;' in 'java/lang/ClassLoader')}
  0x000001d053def5fc: 48be 38fa | 1e69 d001 | 0000 4883 | 8618 0300 

  0x000001d053def60c: ;   {metadata(method data for {method} {0x000001d00001a7c0} 'toString' '()Ljava/lang/String;' in 'java/net/URL')}
  0x000001d053def60c: 0001 49b8 | 601c 1c69 | d001 0000 | 418b b0cc | 0000 0083 | c602 4189 | b0cc 0000 | 0081 e6fe 
  0x000001d053def62c: ff1f 0085 | f60f 8444 | 0300 004c 

  0x000001d053def638: ;   {metadata(method data for {method} {0x000001d00001a7c0} 'toString' '()Ljava/lang/String;' in 'java/net/URL')}
  0x000001d053def638: 8bc2 48be | 601c 1c69 | d001 0000 | 4883 8610 | 0100 0001 

  0x000001d053def64c: ;   {metadata(method data for {method} {0x000001d00042e720} 'toExternalForm' '()Ljava/lang/String;' in 'java/net/URL')}
  0x000001d053def64c: 49b8 281e | 1c69 d001 | 0000 418b | b0cc 0000 | 0083 c602 | 4189 b0cc | 0000 0081 | e6fe ff1f 
  0x000001d053def66c: 0085 f60f | 8427 0300 | 008b 7238 

  0x000001d053def678: ; implicit exception: dispatches to 0x000001d053def9bd
  0x000001d053def678: 483b 064c 

  0x000001d053def67c: ;   {metadata(method data for {method} {0x000001d00042e720} 'toExternalForm' '()Ljava/lang/String;' in 'java/net/URL')}
  0x000001d053def67c: 8bc6 48bf | 281e 1c69 | d001 0000 | 458b 4008 | 49ba 0000 | 0000 d001 | 0000 4d03 | c24c 3b87 
  0x000001d053def69c: 2001 0000 | 750d 4883 | 8728 0100 | 0001 e9aa | 0100 004c | 3b87 3001 | 0000 750d | 4883 8738 
  0x000001d053def6bc: 0100 0001 | e994 0100 | 004c 3b87 | 4001 0000 | 750d 4883 | 8748 0100 | 0001 e97e | 0100 004c 
  0x000001d053def6dc: 3b87 5001 | 0000 750d | 4883 8758 | 0100 0001 | e968 0100 | 004c 3b87 | 6001 0000 | 750d 4883 
  0x000001d053def6fc: 8768 0100 | 0001 e952 | 0100 004c | 3b87 7001 | 0000 750d | 4883 8778 | 0100 0001 | e93c 0100 
  0x000001d053def71c: 004c 3b87 | 8001 0000 | 750d 4883 | 8788 0100 | 0001 e926 | 0100 004c | 3b87 9001 | 0000 750d 
  0x000001d053def73c: 4883 8798 | 0100 0001 | e910 0100 | 0048 83bf | 2001 0000 | 0075 174c | 8987 2001 | 0000 48c7 
  0x000001d053def75c: 8728 0100 | 0001 0000 | 00e9 ef00 | 0000 4883 | bf30 0100 | 0000 7517 | 4c89 8730 | 0100 0048 
  0x000001d053def77c: ;   {no_reloc}
  0x000001d053def77c: c787 3801 | 0000 0100 | 0000 e9ce | 0000 0048 | 83bf 4001 | 0000 0075 | 174c 8987 | 4001 0000 
  0x000001d053def79c: 48c7 8748 | 0100 0001 | 0000 00e9 | ad00 0000 | 4883 bf50 | 0100 0000 | 7517 4c89 | 8750 0100 
  0x000001d053def7bc: 0048 c787 | 5801 0000 | 0100 0000 | e98c 0000 | 0048 83bf | 6001 0000 | 0075 174c | 8987 6001 
  0x000001d053def7dc: 0000 48c7 | 8768 0100 | 0001 0000 | 00e9 6b00 | 0000 4883 | bf70 0100 | 0000 7517 | 4c89 8770 
  0x000001d053def7fc: 0100 0048 | c787 7801 | 0000 0100 | 0000 e94a | 0000 0048 | 83bf 8001 | 0000 0075 | 174c 8987 
  0x000001d053def81c: 8001 0000 | 48c7 8788 | 0100 0001 | 0000 00e9 | 2900 0000 | 4883 bf90 | 0100 0000 | 7517 4c89 
  0x000001d053def83c: 8790 0100 | 0048 c787 | 9801 0000 | 0100 0000 | e908 0000 | 0048 8387 | 1001 0000 | 014c 8bc2 
  0x000001d053def85c: ;   {optimized virtual_call}
  0x000001d053def85c: 488b d6e8 

  0x000001d053def860: ; ImmutableOopMap {[120]=Oop [128]=Oop [136]=Oop [152]=Oop }
                      ;*invokevirtual toExternalForm {reexecute=0 rethrow=0 return_oop=0}
                      ; - java.net.URL::toExternalForm@5 (line 1203)
                      ; - java.net.URL::toString@1 (line 1189)
                      ; - java.lang.ClassLoader::defineClassSourceLocation@22 (line 927)
                      ; - java.lang.ClassLoader::defineClass@12 (line 1026)
  0x000001d053def860: 9c97 0100 

  0x000001d053def864: ;   {other}
  0x000001d053def864: 0f1f 8400 | 5406 0001 | 488b d848 | 8b84 2498 | 0000 008b | b424 9400 | 0000 8bbc | 2490 0000 
  0x000001d053def884: 004c 8b8c | 2488 0000 | 004c 8b84 | 2480 0000 | 0048 8b54 

  0x000001d053def898: ;   {metadata(method data for {method} {0x000001d00043ae20} 'defineClass' '(Ljava/lang/String;[BIILjava/security/ProtectionDomain;)Ljava/lang/Class;' in 'java/lang/ClassLoader')}
  0x000001d053def898: 2478 48b9 | c04f 1f69 | d001 0000 | 4883 8140 | 0200 0001 | 4c8b da49 | 8bd3 488b | c848 891c 
  0x000001d053def8b8: 2466 0f1f 

  0x000001d053def8bc: ;   {static_call}
  0x000001d053def8bc: 4400 00e8 

  0x000001d053def8c0: ; ImmutableOopMap {[120]=Oop [152]=Oop }
                      ;*invokestatic defineClass1 {reexecute=0 rethrow=0 return_oop=0}
                      ; - java.lang.ClassLoader::defineClass@27 (line 1027)
  0x000001d053def8c0: 7c7c 9707 

  0x000001d053def8c4: ;   {other}
  0x000001d053def8c4: 0f1f 8400 | b406 0002 | 488b 5424 

  0x000001d053def8d0: ;   {metadata(method data for {method} {0x000001d00043ae20} 'defineClass' '(Ljava/lang/String;[BIILjava/security/ProtectionDomain;)Ljava/lang/Class;' in 'java/lang/ClassLoader')}
  0x000001d053def8d0: 7849 b8c0 | 4f1f 69d0 | 0100 0049 | 8380 5002 | 0000 014c | 8bc0 4c8b | 8c24 9800 | 0000 488b 
  0x000001d053def8f0: 5424 7848 | 8984 24a0 | 0000 000f 

  0x000001d053def8fc: ;   {optimized virtual_call}
  0x000001d053def8fc: 1f40 00e8 

  0x000001d053def900: ; ImmutableOopMap {[160]=Oop }
                      ;*invokevirtual postDefineClass {reexecute=0 rethrow=0 return_oop=0}
                      ; - java.lang.ClassLoader::defineClass@37 (line 1028)
  0x000001d053def900: 9c9c ffff 

  0x000001d053def904: ;   {other}
  0x000001d053def904: 0f1f 8400 | f406 0003 | 488b 8424 | a000 0000 | 4881 c4b0 | 0000 005d 

  0x000001d053def91c: ;   {poll_return}
  0x000001d053def91c: 493b a748 | 0400 000f | 8799 0000 

  0x000001d053def928: ;   {metadata({method} {0x000001d00043ae20} 'defineClass' '(Ljava/lang/String;[BIILjava/security/ProtectionDomain;)Ljava/lang/Class;' in 'java/lang/ClassLoader')}
  0x000001d053def928: 00c3 49ba | 18ae 4300 | d001 0000 | 4c89 5424 | 0848 c704 | 24ff ffff 

  0x000001d053def940: ;   {runtime_call counter_overflow Runtime1 stub}
  0x000001d053def940: ffe8 3a94 

  0x000001d053def944: ; ImmutableOopMap {rdx=Oop r8=Oop r9=Oop rcx=Oop [120]=Oop }
                      ;*synchronization entry
                      ; - java.lang.ClassLoader::defineClass@-1 (line 1025)
  0x000001d053def944: 4307 e93f 

  0x000001d053def948: ;   {metadata({method} {0x000001d00043ab08} 'defineClassSourceLocation' '(Ljava/security/ProtectionDomain;)Ljava/lang/String;' in 'java/lang/ClassLoader')}
  0x000001d053def948: fbff ff49 | ba00 ab43 | 00d0 0100 | 004c 8954 | 2408 48c7 | 0424 ffff 

  0x000001d053def960: ;   {runtime_call counter_overflow Runtime1 stub}
  0x000001d053def960: ffff e819 

  0x000001d053def964: ; ImmutableOopMap {rax=Oop [120]=Oop [128]=Oop [136]=Oop [152]=Oop }
                      ;*synchronization entry
                      ; - java.lang.ClassLoader::defineClassSourceLocation@-1 (line 924)
                      ; - java.lang.ClassLoader::defineClass@12 (line 1026)
  0x000001d053def964: 9443 07e9 | b8fb ffff 

  0x000001d053def96c: ;   {runtime_call throw_null_pointer_exception Runtime1 stub}
  0x000001d053def96c: e80f 4343 

  0x000001d053def970: ; ImmutableOopMap {rax=Oop [120]=Oop [128]=Oop [136]=Oop [152]=Oop }
                      ;*invokevirtual getCodeSource {reexecute=0 rethrow=0 return_oop=0}
                      ; - java.lang.ClassLoader::defineClassSourceLocation@1 (line 924)
                      ; - java.lang.ClassLoader::defineClass@12 (line 1026)
                      ;   {runtime_call throw_null_pointer_exception Runtime1 stub}
  0x000001d053def970: 07e8 0a43 

  0x000001d053def974: ; ImmutableOopMap {rax=Oop r8=Oop [120]=Oop [128]=Oop [136]=Oop [152]=Oop }
                      ;*invokevirtual getLocation {reexecute=0 rethrow=0 return_oop=0}
                      ; - java.lang.ClassLoader::defineClassSourceLocation@12 (line 926)
                      ; - java.lang.ClassLoader::defineClass@12 (line 1026)
                      ;   {runtime_call throw_null_pointer_exception Runtime1 stub}
  0x000001d053def974: 4307 e805 

  0x000001d053def978: ; ImmutableOopMap {rdx=Oop [120]=Oop [128]=Oop [136]=Oop [152]=Oop }
                      ;*invokevirtual toString {reexecute=0 rethrow=0 return_oop=0}
                      ; - java.lang.ClassLoader::defineClassSourceLocation@22 (line 927)
                      ; - java.lang.ClassLoader::defineClass@12 (line 1026)
                      ;   {metadata({method} {0x000001d00001a7c0} 'toString' '()Ljava/lang/String;' in 'java/net/URL')}
  0x000001d053def978: 4343 0749 | bab8 a701 | 00d0 0100 | 004c 8954 | 2408 48c7 | 0424 ffff 

  0x000001d053def990: ;   {runtime_call counter_overflow Runtime1 stub}
  0x000001d053def990: ffff e8e9 

  0x000001d053def994: ; ImmutableOopMap {rdx=Oop [120]=Oop [128]=Oop [136]=Oop [152]=Oop }
                      ;*synchronization entry
                      ; - java.net.URL::toString@-1 (line 1189)
                      ; - java.lang.ClassLoader::defineClassSourceLocation@22 (line 927)
                      ; - java.lang.ClassLoader::defineClass@12 (line 1026)
  0x000001d053def994: 9343 07e9 | 9bfc ffff 

  0x000001d053def99c: ;   {metadata({method} {0x000001d00042e720} 'toExternalForm' '()Ljava/lang/String;' in 'java/net/URL')}
  0x000001d053def99c: 49ba 18e7 | 4200 d001 | 0000 4c89 | 5424 0848 | c704 24ff 

  0x000001d053def9b0: ;   {runtime_call counter_overflow Runtime1 stub}
  0x000001d053def9b0: ffff ffe8 

  0x000001d053def9b4: ; ImmutableOopMap {rdx=Oop [120]=Oop [128]=Oop [136]=Oop [152]=Oop }
                      ;*synchronization entry
                      ; - java.net.URL::toExternalForm@-1 (line 1203)
                      ; - java.net.URL::toString@1 (line 1189)
                      ; - java.lang.ClassLoader::defineClassSourceLocation@22 (line 927)
                      ; - java.lang.ClassLoader::defineClass@12 (line 1026)
  0x000001d053def9b4: c893 4307 | e9b8 fcff 

  0x000001d053def9bc: ;   {runtime_call throw_null_pointer_exception Runtime1 stub}
  0x000001d053def9bc: ffe8 be42 

  0x000001d053def9c0: ; ImmutableOopMap {rdx=Oop rsi=Oop [120]=Oop [128]=Oop [136]=Oop [152]=Oop }
                      ;*invokevirtual toExternalForm {reexecute=0 rethrow=0 return_oop=0}
                      ; - java.net.URL::toExternalForm@5 (line 1203)
                      ; - java.net.URL::toString@1 (line 1189)
                      ; - java.lang.ClassLoader::defineClassSourceLocation@22 (line 927)
                      ; - java.lang.ClassLoader::defineClass@12 (line 1026)
                      ;   {internal_word}
  0x000001d053def9c0: 4307 49ba | 1cf9 de53 | d001 0000 | 4d89 9760 

  0x000001d053def9d0: ;   {runtime_call SafepointBlob}
  0x000001d053def9d0: 0400 00e9 | 285d 3707 | 498b 87f8 | 0400 0049 | c787 f804 | 0000 0000 | 0000 49c7 | 8700 0500 
  0x000001d053def9f0: 0000 0000 | 0048 81c4 | b000 0000 

  0x000001d053def9fc: ;   {runtime_call unwind_exception Runtime1 stub}
  0x000001d053def9fc: 5de9 7e33 | 4307 f4f4 | f4f4 f4f4 
[Stub Code]
  0x000001d053defa08: ;   {no_reloc}
  0x000001d053defa08: 0f1f 4400 

  0x000001d053defa0c: ;   {static_stub}
  0x000001d053defa0c: 0048 bb20 | a016 00d0 

  0x000001d053defa14: ;   {runtime_call I2C/C2I adapters}
  0x000001d053defa14: 0100 00e9 | eb47 3707 

  0x000001d053defa1c: ;   {static_stub}
  0x000001d053defa1c: 48bb 0000 | 0000 0000 

  0x000001d053defa24: ;   {runtime_call}
  0x000001d053defa24: 0000 e9fb 

  0x000001d053defa28: ;   {static_stub}
  0x000001d053defa28: ffff ff48 | bb00 0000 | 0000 0000 

  0x000001d053defa34: ;   {runtime_call}
  0x000001d053defa34: 00e9 fbff 

  0x000001d053defa38: ;   {static_stub}
  0x000001d053defa38: ffff 48bb | 0000 0000 | 0000 0000 

  0x000001d053defa44: ;   {runtime_call}
  0x000001d053defa44: e9fb ffff 

  0x000001d053defa48: ;   {runtime_call handle_exception_from_callee Runtime1 stub}
  0x000001d053defa48: ffe8 3260 

  0x000001d053defa4c: ;   {external_word}
  0x000001d053defa4c: 4307 48b9 | c0d6 31db | fe7f 0000 | 4883 e4f0 

  0x000001d053defa5c: ;   {runtime_call}
  0x000001d053defa5c: 48b8 a0bd | f9da fe7f | 0000 ffd0 

  0x000001d053defa68: ;   {section_word}
  0x000001d053defa68: f449 ba69 | fade 53d0 | 0100 0041 

  0x000001d053defa74: ;   {runtime_call DeoptimizationBlob}
  0x000001d053defa74: 52e9 a64b | 3707 f4f4 | f4f4 f4f4 
[/MachCode]


Compiled method (c1)    4010 1022       3       java.security.SecureClassLoader::defineClass (16 bytes)
 total in heap  [0x000001d053deed90,0x000001d053def190] = 1024
 relocation     [0x000001d053deeee8,0x000001d053deef38] = 80
 main code      [0x000001d053deef40,0x000001d053def098] = 344
 stub code      [0x000001d053def098,0x000001d053def0e8] = 80
 metadata       [0x000001d053def0e8,0x000001d053def0f0] = 8
 scopes data    [0x000001d053def0f0,0x000001d053def138] = 72
 scopes pcs     [0x000001d053def138,0x000001d053def188] = 80
 dependencies   [0x000001d053def188,0x000001d053def190] = 8

[Constant Pool (empty)]

[MachCode]
[Entry Point]
  # {method} {0x000001d00004d350} 'defineClass' '(Ljava/lang/String;[BIILjava/security/CodeSource;)Ljava/lang/Class;' in 'java/security/SecureClassLoader'
  # this:     rdx:rdx   = 'java/security/SecureClassLoader'
  # parm0:    r8:r8     = 'java/lang/String'
  # parm1:    r9:r9     = '[B'
  # parm2:    rdi       = int
  # parm3:    rsi       = int
  # parm4:    rcx:rcx   = 'java/security/CodeSource'
  #           [sp+0x80]  (sp of caller)
  0x000001d053deef40: 448b 5208 | 49bb 0000 | 0000 d001 | 0000 4d03 | d34c 3bd0 

  0x000001d053deef54: ;   {runtime_call ic_miss_stub}
  0x000001d053deef54: 0f85 26f8 | 3607 660f | 1f44 0000 
[Verified Entry Point]
  0x000001d053deef60: 8984 2400 | 80ff ff55 | 4883 ec70 | 4181 7f20 | 0100 0000 

  0x000001d053deef74: ;   {runtime_call StubRoutines (final stubs)}
  0x000001d053deef74: 7405 e865 

  0x000001d053deef78: ;   {metadata(method data for {method} {0x000001d00004d350} 'defineClass' '(Ljava/lang/String;[BIILjava/security/CodeSource;)Ljava/lang/Class;' in 'java/security/SecureClassLoader')}
  0x000001d053deef78: 4e35 0748 | bb30 4d1f | 69d0 0100 | 008b 83cc | 0000 0083 | c002 8983 | cc00 0000 | 25fe 0700 
  0x000001d053deef98: 0085 c00f | 8496 0000 | 0089 7424 | 5c89 7c24 | 584c 894c | 2450 4c89 | 4424 4848 

  0x000001d053deefb4: ;   {metadata(method data for {method} {0x000001d00004d350} 'defineClass' '(Ljava/lang/String;[BIILjava/security/CodeSource;)Ljava/lang/Class;' in 'java/security/SecureClassLoader')}
  0x000001d053deefb4: 8bda 48b8 | 304d 1f69 | d001 0000 | 4883 8010 | 0100 0001 | 4c8b c148 | 8bc2 488b | d048 8944 
  0x000001d053deefd4: ;   {optimized virtual_call}
  0x000001d053deefd4: 2440 90e8 

  0x000001d053deefd8: ; ImmutableOopMap {[64]=Oop [72]=Oop [80]=Oop }
                      ;*invokevirtual getProtectionDomain {reexecute=0 rethrow=0 return_oop=0}
                      ; - java.security.SecureClassLoader::defineClass@9 (line 150)
  0x000001d053deefd8: 444b ffff 

  0x000001d053deefdc: ;   {other}
  0x000001d053deefdc: 0f1f 8400 | 4c02 0000 | 488b 5424 

  0x000001d053deefe8: ;   {metadata(method data for {method} {0x000001d00004d350} 'defineClass' '(Ljava/lang/String;[BIILjava/security/CodeSource;)Ljava/lang/Class;' in 'java/security/SecureClassLoader')}
  0x000001d053deefe8: 4049 b830 | 4d1f 69d0 | 0100 0049 | 8380 a801 | 0000 014c | 8b44 2448 | 4c8b 4c24 | 508b 7c24 
  0x000001d053def008: 588b 7424 | 5c48 8bc8 | 488b 5424 

  0x000001d053def014: ;   {optimized virtual_call}
  0x000001d053def014: 4066 90e8 

  0x000001d053def018: ; ImmutableOopMap {}
                      ;*invokevirtual defineClass {reexecute=0 rethrow=0 return_oop=0}
                      ; - java.security.SecureClassLoader::defineClass@12 (line 150)
  0x000001d053def018: 2404 0000 

  0x000001d053def01c: ;   {other}
  0x000001d053def01c: 0f1f 8400 | 8c02 0001 | 4883 c470 

  0x000001d053def028: ;   {poll_return}
  0x000001d053def028: 5d49 3ba7 | 4804 0000 | 0f87 2200 

  0x000001d053def034: ;   {metadata({method} {0x000001d00004d350} 'defineClass' '(Ljava/lang/String;[BIILjava/security/CodeSource;)Ljava/lang/Class;' in 'java/security/SecureClassLoader')}
  0x000001d053def034: 0000 c349 | ba48 d304 | 00d0 0100 | 004c 8954 | 2408 48c7 | 0424 ffff 

  0x000001d053def04c: ;   {runtime_call counter_overflow Runtime1 stub}
  0x000001d053def04c: ffff e82d 

  0x000001d053def050: ; ImmutableOopMap {rdx=Oop r8=Oop r9=Oop rcx=Oop }
                      ;*synchronization entry
                      ; - java.security.SecureClassLoader::defineClass@-1 (line 150)
  0x000001d053def050: 9d43 07e9 | 49ff ffff 

  0x000001d053def058: ;   {internal_word}
  0x000001d053def058: 49ba 29f0 | de53 d001 | 0000 4d89 | 9760 0400 

  0x000001d053def068: ;   {runtime_call SafepointBlob}
  0x000001d053def068: 00e9 9266 | 3707 498b | 87f8 0400 | 0049 c787 | f804 0000 | 0000 0000 | 49c7 8700 | 0500 0000 
  0x000001d053def088: 0000 0048 | 83c4 705d 

  0x000001d053def090: ;   {runtime_call unwind_exception Runtime1 stub}
  0x000001d053def090: e9eb 3c43 | 07f4 f4f4 
[Stub Code]
  0x000001d053def098: ;   {no_reloc}
  0x000001d053def098: 48bb 0000 | 0000 0000 

  0x000001d053def0a0: ;   {runtime_call}
  0x000001d053def0a0: 0000 e9fb 

  0x000001d053def0a4: ;   {static_stub}
  0x000001d053def0a4: ffff ff48 | bb00 0000 | 0000 0000 

  0x000001d053def0b0: ;   {runtime_call}
  0x000001d053def0b0: 00e9 fbff 

  0x000001d053def0b4: ;   {runtime_call handle_exception_from_callee Runtime1 stub}
  0x000001d053def0b4: ffff e8c5 

  0x000001d053def0b8: ;   {external_word}
  0x000001d053def0b8: 6943 0748 | b9c0 d631 | dbfe 7f00 | 0048 83e4 

  0x000001d053def0c8: ;   {runtime_call}
  0x000001d053def0c8: f048 b8a0 | bdf9 dafe | 7f00 00ff 

  0x000001d053def0d4: ;   {section_word}
  0x000001d053def0d4: d0f4 49ba | d6f0 de53 | d001 0000 

  0x000001d053def0e0: ;   {runtime_call DeoptimizationBlob}
  0x000001d053def0e0: 4152 e939 | 5537 07f4 
[/MachCode]


---------------  P R O C E S S  ---------------

Threads class SMR info:
_java_thread_list=0x000001d0411954e0, length=14, elements={
0x000001d0485987a0, 0x000001d06803f810, 0x000001d0680407f0, 0x000001d0680435c0,
0x000001d0680462a0, 0x000001d068047560, 0x000001d068048820, 0x000001d068050870,
0x000001d068051aa0, 0x000001d06800cc70, 0x000001d068208350, 0x000001d0686b7a10,
0x000001d0686b8070, 0x000001d041051d50
}

Java Threads: ( => current thread )
  0x000001d0485987a0 JavaThread "main"                              [_thread_in_vm, id=18028, stack(0x0000005250100000,0x0000005250200000) (1024K)]
  0x000001d06803f810 JavaThread "Reference Handler"          daemon [_thread_blocked, id=7424, stack(0x0000005250900000,0x0000005250a00000) (1024K)]
  0x000001d0680407f0 JavaThread "Finalizer"                  daemon [_thread_blocked, id=19376, stack(0x0000005250a00000,0x0000005250b00000) (1024K)]
  0x000001d0680435c0 JavaThread "Signal Dispatcher"          daemon [_thread_blocked, id=8064, stack(0x0000005250b00000,0x0000005250c00000) (1024K)]
  0x000001d0680462a0 JavaThread "Attach Listener"            daemon [_thread_blocked, id=18492, stack(0x0000005250c00000,0x0000005250d00000) (1024K)]
  0x000001d068047560 JavaThread "Service Thread"             daemon [_thread_blocked, id=20132, stack(0x0000005250d00000,0x0000005250e00000) (1024K)]
  0x000001d068048820 JavaThread "Monitor Deflation Thread"   daemon [_thread_blocked, id=18508, stack(0x0000005250e00000,0x0000005250f00000) (1024K)]
  0x000001d068050870 JavaThread "JVMCI-native CompilerThread0" daemon [_thread_blocked, id=20804, stack(0x0000005250f00000,0x0000005251000000) (1024K)]
  0x000001d068051aa0 JavaThread "C1 CompilerThread0"         daemon [_thread_blocked, id=1476, stack(0x0000005251000000,0x0000005251100000) (1024K)]
  0x000001d06800cc70 JavaThread "Common-Cleaner"             daemon [_thread_blocked, id=19544, stack(0x0000005251100000,0x0000005251200000) (1024K)]
  0x000001d068208350 JavaThread "C1 CompilerThread1"         daemon [_thread_blocked, id=9372, stack(0x0000005251200000,0x0000005251300000) (1024K)]
  0x000001d0686b7a10 JavaThread "Monitor Ctrl-Break"         daemon [_thread_in_native, id=18476, stack(0x0000005251300000,0x0000005251400000) (1024K)]
  0x000001d0686b8070 JavaThread "Notification Thread"        daemon [_thread_blocked, id=12520, stack(0x0000005251400000,0x0000005251500000) (1024K)]
=>0x000001d041051d50 JavaThread "background-preinit"                [_thread_in_vm, id=20364, stack(0x0000005251800000,0x0000005251900000) (1024K)]
Total: 14

Other Threads:
  0x000001d06801e000 VMThread "VM Thread"                           [id=17908, stack(0x0000005250800000,0x0000005250900000) (1024K)]
  0x000001d06800bf70 WatcherThread "VM Periodic Task Thread"        [id=18616, stack(0x0000005250700000,0x0000005250800000) (1024K)]
  0x000001d0486f21a0 WorkerThread "GC Thread#0"                     [id=1548, stack(0x0000005250200000,0x0000005250300000) (1024K)]
  0x000001d0688cb040 WorkerThread "GC Thread#1"                     [id=3160, stack(0x0000005251500000,0x0000005251600000) (1024K)]
  0x000001d0688cb3e0 WorkerThread "GC Thread#2"                     [id=18484, stack(0x0000005251600000,0x0000005251700000) (1024K)]
  0x000001d0688dcd70 WorkerThread "GC Thread#3"                     [id=10408, stack(0x0000005251700000,0x0000005251800000) (1024K)]
  0x000001d048703f20 ConcurrentGCThread "G1 Main Marker"            [id=8268, stack(0x0000005250300000,0x0000005250400000) (1024K)]
  0x000001d0487065e0 WorkerThread "G1 Conc#0"                       [id=1992, stack(0x0000005250400000,0x0000005250500000) (1024K)]
  0x000001d04875eb10 ConcurrentGCThread "G1 Refine#0"               [id=20096, stack(0x0000005250500000,0x0000005250600000) (1024K)]
  0x000001d067ed27a0 ConcurrentGCThread "G1 Service"                [id=18148, stack(0x0000005250600000,0x0000005250700000) (1024K)]
Total: 10

Threads with active compile tasks:
Total: 0

VM state: not at safepoint (normal execution)

VM Mutex/Monitor currently owned by a thread:  ([mutex/lock_event])
[0x00007ffedb5b4e78] Metaspace_lock - owner thread: 0x000001d041051d50

Heap address: 0x0000000080c00000, size: 2036 MB, Compressed Oops mode: 32-bit

CDS archive(s) mapped at: [0x000001d000000000-0x000001d000c90000-0x000001d000c90000), size 13172736, SharedBaseAddress: 0x000001d000000000, ArchiveRelocationMode: 1.
Compressed class space mapped at: 0x000001d001000000-0x000001d041000000, reserved size: 1073741824
Narrow klass base: 0x000001d000000000, Narrow klass shift: 0, Narrow klass range: 0x100000000

GC Precious Log:
 CardTable entry size: 512
 Card Set container configuration: InlinePtr #cards 5 size 8 Array Of Cards #cards 12 size 40 Howl #buckets 4 coarsen threshold 1843 Howl Bitmap #cards 512 size 80 coarsen threshold 460 Card regions per heap region 1 cards per card region 2048
 CPUs: 4 total, 4 available
 Memory: 8140M
 Large Page Support: Disabled
 NUMA Support: Disabled
 Compressed Oops: Enabled (32-bit)
 Heap Region Size: 1M
 Heap Min Capacity: 8M
 Heap Initial Capacity: 128M
 Heap Max Capacity: 2036M
 Pre-touch: Disabled
 Parallel Workers: 4
 Concurrent Workers: 1
 Concurrent Refinement Workers: 4
 Periodic GC: Disabled

Heap:
 garbage-first heap   total 131072K, used 41525K [0x0000000080c00000, 0x0000000100000000)
  region size 1024K, 36 young (36864K), 2 survivors (2048K)
 Metaspace       used 17356K, committed 17664K, reserved 1114112K
  class space    used 2042K, committed 2176K, reserved 1048576K

Heap Regions: E=young(eden), S=young(survivor), O=old, HS=humongous(starts), HC=humongous(continues), CS=collection set, F=free, TAMS=top-at-mark-start, PB=parsable bottom
|   0|0x0000000080c00000, 0x0000000080d00000, 0x0000000080d00000|100%|HS|  |TAMS 0x0000000080c00000| PB 0x0000000080c00000| Complete 
|   1|0x0000000080d00000, 0x0000000080e00000, 0x0000000080e00000|100%|HS|  |TAMS 0x0000000080d00000| PB 0x0000000080d00000| Complete 
|   2|0x0000000080e00000, 0x0000000080f00000, 0x0000000080f00000|100%| O|  |TAMS 0x0000000080e00000| PB 0x0000000080e00000| Untracked 
|   3|0x0000000080f00000, 0x0000000081000000, 0x0000000081000000|100%| O|  |TAMS 0x0000000080f00000| PB 0x0000000080f00000| Untracked 
|   4|0x0000000081000000, 0x0000000081100000, 0x0000000081100000|100%| O|  |TAMS 0x0000000081000000| PB 0x0000000081000000| Untracked 
|   5|0x0000000081100000, 0x0000000081200000, 0x0000000081200000|100%| O|  |TAMS 0x0000000081100000| PB 0x0000000081100000| Untracked 
|   6|0x0000000081200000, 0x0000000081300000, 0x0000000081300000|100%| O|  |TAMS 0x0000000081200000| PB 0x0000000081200000| Untracked 
|   7|0x0000000081300000, 0x0000000081339db0, 0x0000000081400000| 22%| O|  |TAMS 0x0000000081300000| PB 0x0000000081300000| Untracked 
|   8|0x0000000081400000, 0x0000000081400000, 0x0000000081500000|  0%| F|  |TAMS 0x0000000081400000| PB 0x0000000081400000| Untracked 
|   9|0x0000000081500000, 0x0000000081500000, 0x0000000081600000|  0%| F|  |TAMS 0x0000000081500000| PB 0x0000000081500000| Untracked 
|  10|0x0000000081600000, 0x0000000081600000, 0x0000000081700000|  0%| F|  |TAMS 0x0000000081600000| PB 0x0000000081600000| Untracked 
|  11|0x0000000081700000, 0x0000000081700000, 0x0000000081800000|  0%| F|  |TAMS 0x0000000081700000| PB 0x0000000081700000| Untracked 
|  12|0x0000000081800000, 0x0000000081800000, 0x0000000081900000|  0%| F|  |TAMS 0x0000000081800000| PB 0x0000000081800000| Untracked 
|  13|0x0000000081900000, 0x0000000081900000, 0x0000000081a00000|  0%| F|  |TAMS 0x0000000081900000| PB 0x0000000081900000| Untracked 
|  14|0x0000000081a00000, 0x0000000081a00000, 0x0000000081b00000|  0%| F|  |TAMS 0x0000000081a00000| PB 0x0000000081a00000| Untracked 
|  15|0x0000000081b00000, 0x0000000081b00000, 0x0000000081c00000|  0%| F|  |TAMS 0x0000000081b00000| PB 0x0000000081b00000| Untracked 
|  16|0x0000000081c00000, 0x0000000081c00000, 0x0000000081d00000|  0%| F|  |TAMS 0x0000000081c00000| PB 0x0000000081c00000| Untracked 
|  17|0x0000000081d00000, 0x0000000081d00000, 0x0000000081e00000|  0%| F|  |TAMS 0x0000000081d00000| PB 0x0000000081d00000| Untracked 
|  18|0x0000000081e00000, 0x0000000081e00000, 0x0000000081f00000|  0%| F|  |TAMS 0x0000000081e00000| PB 0x0000000081e00000| Untracked 
|  19|0x0000000081f00000, 0x0000000081f00000, 0x0000000082000000|  0%| F|  |TAMS 0x0000000081f00000| PB 0x0000000081f00000| Untracked 
|  20|0x0000000082000000, 0x0000000082000000, 0x0000000082100000|  0%| F|  |TAMS 0x0000000082000000| PB 0x0000000082000000| Untracked 
|  21|0x0000000082100000, 0x0000000082100000, 0x0000000082200000|  0%| F|  |TAMS 0x0000000082100000| PB 0x0000000082100000| Untracked 
|  22|0x0000000082200000, 0x0000000082200000, 0x0000000082300000|  0%| F|  |TAMS 0x0000000082200000| PB 0x0000000082200000| Untracked 
|  23|0x0000000082300000, 0x0000000082300000, 0x0000000082400000|  0%| F|  |TAMS 0x0000000082300000| PB 0x0000000082300000| Untracked 
|  24|0x0000000082400000, 0x0000000082400000, 0x0000000082500000|  0%| F|  |TAMS 0x0000000082400000| PB 0x0000000082400000| Untracked 
|  25|0x0000000082500000, 0x0000000082500000, 0x0000000082600000|  0%| F|  |TAMS 0x0000000082500000| PB 0x0000000082500000| Untracked 
|  26|0x0000000082600000, 0x0000000082600000, 0x0000000082700000|  0%| F|  |TAMS 0x0000000082600000| PB 0x0000000082600000| Untracked 
|  27|0x0000000082700000, 0x0000000082700000, 0x0000000082800000|  0%| F|  |TAMS 0x0000000082700000| PB 0x0000000082700000| Untracked 
|  28|0x0000000082800000, 0x0000000082800000, 0x0000000082900000|  0%| F|  |TAMS 0x0000000082800000| PB 0x0000000082800000| Untracked 
|  29|0x0000000082900000, 0x0000000082900000, 0x0000000082a00000|  0%| F|  |TAMS 0x0000000082900000| PB 0x0000000082900000| Untracked 
|  30|0x0000000082a00000, 0x0000000082a00000, 0x0000000082b00000|  0%| F|  |TAMS 0x0000000082a00000| PB 0x0000000082a00000| Untracked 
|  31|0x0000000082b00000, 0x0000000082b00000, 0x0000000082c00000|  0%| F|  |TAMS 0x0000000082b00000| PB 0x0000000082b00000| Untracked 
|  32|0x0000000082c00000, 0x0000000082c00000, 0x0000000082d00000|  0%| F|  |TAMS 0x0000000082c00000| PB 0x0000000082c00000| Untracked 
|  33|0x0000000082d00000, 0x0000000082d00000, 0x0000000082e00000|  0%| F|  |TAMS 0x0000000082d00000| PB 0x0000000082d00000| Untracked 
|  34|0x0000000082e00000, 0x0000000082e00000, 0x0000000082f00000|  0%| F|  |TAMS 0x0000000082e00000| PB 0x0000000082e00000| Untracked 
|  35|0x0000000082f00000, 0x0000000082f00000, 0x0000000083000000|  0%| F|  |TAMS 0x0000000082f00000| PB 0x0000000082f00000| Untracked 
|  36|0x0000000083000000, 0x0000000083000000, 0x0000000083100000|  0%| F|  |TAMS 0x0000000083000000| PB 0x0000000083000000| Untracked 
|  37|0x0000000083100000, 0x0000000083100000, 0x0000000083200000|  0%| F|  |TAMS 0x0000000083100000| PB 0x0000000083100000| Untracked 
|  38|0x0000000083200000, 0x0000000083200000, 0x0000000083300000|  0%| F|  |TAMS 0x0000000083200000| PB 0x0000000083200000| Untracked 
|  39|0x0000000083300000, 0x0000000083300000, 0x0000000083400000|  0%| F|  |TAMS 0x0000000083300000| PB 0x0000000083300000| Untracked 
|  40|0x0000000083400000, 0x0000000083400000, 0x0000000083500000|  0%| F|  |TAMS 0x0000000083400000| PB 0x0000000083400000| Untracked 
|  41|0x0000000083500000, 0x0000000083500000, 0x0000000083600000|  0%| F|  |TAMS 0x0000000083500000| PB 0x0000000083500000| Untracked 
|  42|0x0000000083600000, 0x0000000083600000, 0x0000000083700000|  0%| F|  |TAMS 0x0000000083600000| PB 0x0000000083600000| Untracked 
|  43|0x0000000083700000, 0x0000000083700000, 0x0000000083800000|  0%| F|  |TAMS 0x0000000083700000| PB 0x0000000083700000| Untracked 
|  44|0x0000000083800000, 0x0000000083800000, 0x0000000083900000|  0%| F|  |TAMS 0x0000000083800000| PB 0x0000000083800000| Untracked 
|  45|0x0000000083900000, 0x0000000083900000, 0x0000000083a00000|  0%| F|  |TAMS 0x0000000083900000| PB 0x0000000083900000| Untracked 
|  46|0x0000000083a00000, 0x0000000083a00000, 0x0000000083b00000|  0%| F|  |TAMS 0x0000000083a00000| PB 0x0000000083a00000| Untracked 
|  47|0x0000000083b00000, 0x0000000083b00000, 0x0000000083c00000|  0%| F|  |TAMS 0x0000000083b00000| PB 0x0000000083b00000| Untracked 
|  48|0x0000000083c00000, 0x0000000083c00000, 0x0000000083d00000|  0%| F|  |TAMS 0x0000000083c00000| PB 0x0000000083c00000| Untracked 
|  49|0x0000000083d00000, 0x0000000083d00000, 0x0000000083e00000|  0%| F|  |TAMS 0x0000000083d00000| PB 0x0000000083d00000| Untracked 
|  50|0x0000000083e00000, 0x0000000083e00000, 0x0000000083f00000|  0%| F|  |TAMS 0x0000000083e00000| PB 0x0000000083e00000| Untracked 
|  51|0x0000000083f00000, 0x0000000083f00000, 0x0000000084000000|  0%| F|  |TAMS 0x0000000083f00000| PB 0x0000000083f00000| Untracked 
|  52|0x0000000084000000, 0x0000000084000000, 0x0000000084100000|  0%| F|  |TAMS 0x0000000084000000| PB 0x0000000084000000| Untracked 
|  53|0x0000000084100000, 0x0000000084100000, 0x0000000084200000|  0%| F|  |TAMS 0x0000000084100000| PB 0x0000000084100000| Untracked 
|  54|0x0000000084200000, 0x0000000084200000, 0x0000000084300000|  0%| F|  |TAMS 0x0000000084200000| PB 0x0000000084200000| Untracked 
|  55|0x0000000084300000, 0x0000000084300000, 0x0000000084400000|  0%| F|  |TAMS 0x0000000084300000| PB 0x0000000084300000| Untracked 
|  56|0x0000000084400000, 0x0000000084400000, 0x0000000084500000|  0%| F|  |TAMS 0x0000000084400000| PB 0x0000000084400000| Untracked 
|  57|0x0000000084500000, 0x0000000084500000, 0x0000000084600000|  0%| F|  |TAMS 0x0000000084500000| PB 0x0000000084500000| Untracked 
|  58|0x0000000084600000, 0x0000000084600000, 0x0000000084700000|  0%| F|  |TAMS 0x0000000084600000| PB 0x0000000084600000| Untracked 
|  59|0x0000000084700000, 0x0000000084700000, 0x0000000084800000|  0%| F|  |TAMS 0x0000000084700000| PB 0x0000000084700000| Untracked 
|  60|0x0000000084800000, 0x0000000084800000, 0x0000000084900000|  0%| F|  |TAMS 0x0000000084800000| PB 0x0000000084800000| Untracked 
|  61|0x0000000084900000, 0x0000000084900000, 0x0000000084a00000|  0%| F|  |TAMS 0x0000000084900000| PB 0x0000000084900000| Untracked 
|  62|0x0000000084a00000, 0x0000000084a00000, 0x0000000084b00000|  0%| F|  |TAMS 0x0000000084a00000| PB 0x0000000084a00000| Untracked 
|  63|0x0000000084b00000, 0x0000000084b00000, 0x0000000084c00000|  0%| F|  |TAMS 0x0000000084b00000| PB 0x0000000084b00000| Untracked 
|  64|0x0000000084c00000, 0x0000000084c00000, 0x0000000084d00000|  0%| F|  |TAMS 0x0000000084c00000| PB 0x0000000084c00000| Untracked 
|  65|0x0000000084d00000, 0x0000000084d00000, 0x0000000084e00000|  0%| F|  |TAMS 0x0000000084d00000| PB 0x0000000084d00000| Untracked 
|  66|0x0000000084e00000, 0x0000000084e00000, 0x0000000084f00000|  0%| F|  |TAMS 0x0000000084e00000| PB 0x0000000084e00000| Untracked 
|  67|0x0000000084f00000, 0x0000000084f00000, 0x0000000085000000|  0%| F|  |TAMS 0x0000000084f00000| PB 0x0000000084f00000| Untracked 
|  68|0x0000000085000000, 0x0000000085000000, 0x0000000085100000|  0%| F|  |TAMS 0x0000000085000000| PB 0x0000000085000000| Untracked 
|  69|0x0000000085100000, 0x0000000085100000, 0x0000000085200000|  0%| F|  |TAMS 0x0000000085100000| PB 0x0000000085100000| Untracked 
|  70|0x0000000085200000, 0x0000000085200000, 0x0000000085300000|  0%| F|  |TAMS 0x0000000085200000| PB 0x0000000085200000| Untracked 
|  71|0x0000000085300000, 0x0000000085300000, 0x0000000085400000|  0%| F|  |TAMS 0x0000000085300000| PB 0x0000000085300000| Untracked 
|  72|0x0000000085400000, 0x0000000085400000, 0x0000000085500000|  0%| F|  |TAMS 0x0000000085400000| PB 0x0000000085400000| Untracked 
|  73|0x0000000085500000, 0x0000000085500000, 0x0000000085600000|  0%| F|  |TAMS 0x0000000085500000| PB 0x0000000085500000| Untracked 
|  74|0x0000000085600000, 0x0000000085600000, 0x0000000085700000|  0%| F|  |TAMS 0x0000000085600000| PB 0x0000000085600000| Untracked 
|  75|0x0000000085700000, 0x0000000085700000, 0x0000000085800000|  0%| F|  |TAMS 0x0000000085700000| PB 0x0000000085700000| Untracked 
|  76|0x0000000085800000, 0x0000000085800000, 0x0000000085900000|  0%| F|  |TAMS 0x0000000085800000| PB 0x0000000085800000| Untracked 
|  77|0x0000000085900000, 0x0000000085900000, 0x0000000085a00000|  0%| F|  |TAMS 0x0000000085900000| PB 0x0000000085900000| Untracked 
|  78|0x0000000085a00000, 0x0000000085a00000, 0x0000000085b00000|  0%| F|  |TAMS 0x0000000085a00000| PB 0x0000000085a00000| Untracked 
|  79|0x0000000085b00000, 0x0000000085b00000, 0x0000000085c00000|  0%| F|  |TAMS 0x0000000085b00000| PB 0x0000000085b00000| Untracked 
|  80|0x0000000085c00000, 0x0000000085c00000, 0x0000000085d00000|  0%| F|  |TAMS 0x0000000085c00000| PB 0x0000000085c00000| Untracked 
|  81|0x0000000085d00000, 0x0000000085d00000, 0x0000000085e00000|  0%| F|  |TAMS 0x0000000085d00000| PB 0x0000000085d00000| Untracked 
|  82|0x0000000085e00000, 0x0000000085e00000, 0x0000000085f00000|  0%| F|  |TAMS 0x0000000085e00000| PB 0x0000000085e00000| Untracked 
|  83|0x0000000085f00000, 0x0000000085f00000, 0x0000000086000000|  0%| F|  |TAMS 0x0000000085f00000| PB 0x0000000085f00000| Untracked 
|  84|0x0000000086000000, 0x0000000086000000, 0x0000000086100000|  0%| F|  |TAMS 0x0000000086000000| PB 0x0000000086000000| Untracked 
|  85|0x0000000086100000, 0x0000000086100000, 0x0000000086200000|  0%| F|  |TAMS 0x0000000086100000| PB 0x0000000086100000| Untracked 
|  86|0x0000000086200000, 0x0000000086200000, 0x0000000086300000|  0%| F|  |TAMS 0x0000000086200000| PB 0x0000000086200000| Untracked 
|  87|0x0000000086300000, 0x0000000086300000, 0x0000000086400000|  0%| F|  |TAMS 0x0000000086300000| PB 0x0000000086300000| Untracked 
|  88|0x0000000086400000, 0x0000000086400000, 0x0000000086500000|  0%| F|  |TAMS 0x0000000086400000| PB 0x0000000086400000| Untracked 
|  89|0x0000000086500000, 0x0000000086500000, 0x0000000086600000|  0%| F|  |TAMS 0x0000000086500000| PB 0x0000000086500000| Untracked 
|  90|0x0000000086600000, 0x0000000086600000, 0x0000000086700000|  0%| F|  |TAMS 0x0000000086600000| PB 0x0000000086600000| Untracked 
|  91|0x0000000086700000, 0x0000000086700000, 0x0000000086800000|  0%| F|  |TAMS 0x0000000086700000| PB 0x0000000086700000| Untracked 
|  92|0x0000000086800000, 0x00000000868ca240, 0x0000000086900000| 78%| E|  |TAMS 0x0000000086800000| PB 0x0000000086800000| Complete 
|  93|0x0000000086900000, 0x0000000086a00000, 0x0000000086a00000|100%| E|CS|TAMS 0x0000000086900000| PB 0x0000000086900000| Complete 
|  94|0x0000000086a00000, 0x0000000086b00000, 0x0000000086b00000|100%| E|CS|TAMS 0x0000000086a00000| PB 0x0000000086a00000| Complete 
|  95|0x0000000086b00000, 0x0000000086c00000, 0x0000000086c00000|100%| E|CS|TAMS 0x0000000086b00000| PB 0x0000000086b00000| Complete 
|  96|0x0000000086c00000, 0x0000000086d00000, 0x0000000086d00000|100%| E|CS|TAMS 0x0000000086c00000| PB 0x0000000086c00000| Complete 
|  97|0x0000000086d00000, 0x0000000086e00000, 0x0000000086e00000|100%| E|CS|TAMS 0x0000000086d00000| PB 0x0000000086d00000| Complete 
|  98|0x0000000086e00000, 0x0000000086f00000, 0x0000000086f00000|100%| E|CS|TAMS 0x0000000086e00000| PB 0x0000000086e00000| Complete 
|  99|0x0000000086f00000, 0x0000000087000000, 0x0000000087000000|100%| E|CS|TAMS 0x0000000086f00000| PB 0x0000000086f00000| Complete 
| 100|0x0000000087000000, 0x0000000087100000, 0x0000000087100000|100%| E|CS|TAMS 0x0000000087000000| PB 0x0000000087000000| Complete 
| 101|0x0000000087100000, 0x0000000087200000, 0x0000000087200000|100%| E|CS|TAMS 0x0000000087100000| PB 0x0000000087100000| Complete 
| 102|0x0000000087200000, 0x0000000087300000, 0x0000000087300000|100%| E|CS|TAMS 0x0000000087200000| PB 0x0000000087200000| Complete 
| 103|0x0000000087300000, 0x0000000087400000, 0x0000000087400000|100%| E|CS|TAMS 0x0000000087300000| PB 0x0000000087300000| Complete 
| 104|0x0000000087400000, 0x0000000087500000, 0x0000000087500000|100%| E|CS|TAMS 0x0000000087400000| PB 0x0000000087400000| Complete 
| 105|0x0000000087500000, 0x0000000087600000, 0x0000000087600000|100%| E|CS|TAMS 0x0000000087500000| PB 0x0000000087500000| Complete 
| 106|0x0000000087600000, 0x0000000087700000, 0x0000000087700000|100%| E|CS|TAMS 0x0000000087600000| PB 0x0000000087600000| Complete 
| 107|0x0000000087700000, 0x0000000087800000, 0x0000000087800000|100%| E|CS|TAMS 0x0000000087700000| PB 0x0000000087700000| Complete 
| 108|0x0000000087800000, 0x0000000087900000, 0x0000000087900000|100%| E|CS|TAMS 0x0000000087800000| PB 0x0000000087800000| Complete 
| 109|0x0000000087900000, 0x0000000087a00000, 0x0000000087a00000|100%| E|CS|TAMS 0x0000000087900000| PB 0x0000000087900000| Complete 
| 110|0x0000000087a00000, 0x0000000087b00000, 0x0000000087b00000|100%| E|CS|TAMS 0x0000000087a00000| PB 0x0000000087a00000| Complete 
| 111|0x0000000087b00000, 0x0000000087b53868, 0x0000000087c00000| 32%| S|CS|TAMS 0x0000000087b00000| PB 0x0000000087b00000| Complete 
| 112|0x0000000087c00000, 0x0000000087d00000, 0x0000000087d00000|100%| S|CS|TAMS 0x0000000087c00000| PB 0x0000000087c00000| Complete 
| 113|0x0000000087d00000, 0x0000000087e00000, 0x0000000087e00000|100%| E|CS|TAMS 0x0000000087d00000| PB 0x0000000087d00000| Complete 
| 114|0x0000000087e00000, 0x0000000087f00000, 0x0000000087f00000|100%| E|CS|TAMS 0x0000000087e00000| PB 0x0000000087e00000| Complete 
| 115|0x0000000087f00000, 0x0000000088000000, 0x0000000088000000|100%| E|CS|TAMS 0x0000000087f00000| PB 0x0000000087f00000| Complete 
| 116|0x0000000088000000, 0x0000000088100000, 0x0000000088100000|100%| E|CS|TAMS 0x0000000088000000| PB 0x0000000088000000| Complete 
| 117|0x0000000088100000, 0x0000000088200000, 0x0000000088200000|100%| E|CS|TAMS 0x0000000088100000| PB 0x0000000088100000| Complete 
| 118|0x0000000088200000, 0x0000000088300000, 0x0000000088300000|100%| E|CS|TAMS 0x0000000088200000| PB 0x0000000088200000| Complete 
| 119|0x0000000088300000, 0x0000000088400000, 0x0000000088400000|100%| E|CS|TAMS 0x0000000088300000| PB 0x0000000088300000| Complete 
| 120|0x0000000088400000, 0x0000000088500000, 0x0000000088500000|100%| E|CS|TAMS 0x0000000088400000| PB 0x0000000088400000| Complete 
| 121|0x0000000088500000, 0x0000000088600000, 0x0000000088600000|100%| E|CS|TAMS 0x0000000088500000| PB 0x0000000088500000| Complete 
| 122|0x0000000088600000, 0x0000000088700000, 0x0000000088700000|100%| E|CS|TAMS 0x0000000088600000| PB 0x0000000088600000| Complete 
| 123|0x0000000088700000, 0x0000000088800000, 0x0000000088800000|100%| E|CS|TAMS 0x0000000088700000| PB 0x0000000088700000| Complete 
| 124|0x0000000088800000, 0x0000000088900000, 0x0000000088900000|100%| E|CS|TAMS 0x0000000088800000| PB 0x0000000088800000| Complete 
| 125|0x0000000088900000, 0x0000000088a00000, 0x0000000088a00000|100%| E|CS|TAMS 0x0000000088900000| PB 0x0000000088900000| Complete 
| 126|0x0000000088a00000, 0x0000000088b00000, 0x0000000088b00000|100%| E|  |TAMS 0x0000000088a00000| PB 0x0000000088a00000| Complete 
| 127|0x0000000088b00000, 0x0000000088c00000, 0x0000000088c00000|100%| E|CS|TAMS 0x0000000088b00000| PB 0x0000000088b00000| Complete 

Card table byte_map: [0x000001d063640000,0x000001d063a40000] _byte_map_base: 0x000001d06323a000

Marking Bits: (CMBitMap*) 0x000001d0486f37c0
 Bits: [0x000001d063a40000, 0x000001d065a10000)

Polling page: 0x000001d048760000

Metaspace:

Usage:
  Non-class:     14.96 MB used.
      Class:      1.99 MB used.
       Both:     16.95 MB used.

Virtual space:
  Non-class space:       64.00 MB reserved,      15.12 MB ( 24%) committed,  1 nodes.
      Class space:        1.00 GB reserved,       2.12 MB ( <1%) committed,  1 nodes.
             Both:        1.06 GB reserved,      17.25 MB (  2%) committed. 

Chunk freelists:
   Non-Class:  832.00 KB
       Class:  13.80 MB
        Both:  14.61 MB

MaxMetaspaceSize: unlimited
CompressedClassSpaceSize: 1.00 GB
Initial GC threshold: 21.00 MB
Current GC threshold: 21.00 MB
CDS: on
 - commit_granule_bytes: 65536.
 - commit_granule_words: 8192.
 - virtual_space_node_default_size: 8388608.
 - enlarge_chunks_in_place: 1.
 - use_allocation_guard: 0.


Internal statistics:

num_allocs_failed_limit: 0.
num_arena_births: 390.
num_arena_deaths: 0.
num_vsnodes_births: 2.
num_vsnodes_deaths: 0.
num_space_committed: 276.
num_space_uncommitted: 0.
num_chunks_returned_to_freelist: 0.
num_chunks_taken_from_freelist: 953.
num_chunk_merges: 0.
num_chunk_splits: 648.
num_chunks_enlarged: 452.
num_inconsistent_stats: 0.

CodeHeap 'non-profiled nmethods': size=119744Kb used=747Kb max_used=747Kb free=118996Kb
 bounds [0x000001d05b730000, 0x000001d05b9a0000, 0x000001d062c20000]
CodeHeap 'profiled nmethods': size=119744Kb used=5042Kb max_used=5042Kb free=114702Kb
 bounds [0x000001d053c20000, 0x000001d054110000, 0x000001d05b110000]
CodeHeap 'non-nmethods': size=6272Kb used=2035Kb max_used=2040Kb free=4236Kb
 bounds [0x000001d05b110000, 0x000001d05b380000, 0x000001d05b730000]
 total_blobs=2892 nmethods=2370 adapters=429
 compilation: enabled
              stopped_count=0, restarted_count=0
 full_count=0

JVMCI Events (20 events):
Event: 3.419 Thread 0x000001d068050870 compacted oop handles in JVMCI runtime 0 from 93 to 91
Event: 3.420 Thread 0x000001d068050870 compacted oop handles in JVMCI runtime 0 from 95 to 94
Event: 3.446 Thread 0x000001d068050870 compacted oop handles in JVMCI runtime 0 from 104 to 96
Event: 3.446 Thread 0x000001d068050870 compacted oop handles in JVMCI runtime 0 from 97 to 63
Event: 3.471 Thread 0x000001d068050870 compacted oop handles in JVMCI runtime 0 from 94 to 87
Event: 3.522 Thread 0x000001d068050870 compacted oop handles in JVMCI runtime 0 from 143 to 123
Event: 3.522 Thread 0x000001d068050870 compacted oop handles in JVMCI runtime 0 from 124 to 93
Event: 3.555 Thread 0x000001d068050870 compacted oop handles in JVMCI runtime 0 from 120 to 118
Event: 3.571 Thread 0x000001d068050870 compacted oop handles in JVMCI runtime 0 from 167 to 160
Event: 3.605 Thread 0x000001d068050870 compacted oop handles in JVMCI runtime 0 from 170 to 165
Event: 3.605 Thread 0x000001d068050870 compacted oop handles in JVMCI runtime 0 from 165 to 93
Event: 3.659 Thread 0x000001d068050870 compacted oop handles in JVMCI runtime 0 from 150 to 143
Event: 3.670 Thread 0x000001d068050870 compacted oop handles in JVMCI runtime 0 from 201 to 196
Event: 3.697 Thread 0x000001d068050870 compacted oop handles in JVMCI runtime 0 from 201 to 200
Event: 3.715 Thread 0x000001d068050870 compacted oop handles in JVMCI runtime 0 from 205 to 204
Event: 3.727 Thread 0x000001d068050870 compacted oop handles in JVMCI runtime 0 from 212 to 207
Event: 3.728 Thread 0x000001d068050870 compacted oop handles in JVMCI runtime 0 from 208 to 60
Event: 3.766 Thread 0x000001d068050870 compacted oop handles in JVMCI runtime 0 from 87 to 85
Event: 3.769 Thread 0x000001d068050870 compacted oop handles in JVMCI runtime 0 from 100 to 93
Event: 3.789 Thread 0x000001d068050870 compacted oop handles in JVMCI runtime 0 from 122 to 121

Compilation events (20 events):
Event: 3.770 Thread 0x000001d068208350 nmethod 2354 0x000001d054106f10 code [0x000001d0541070e0, 0x000001d054107338]
Event: 3.770 Thread 0x000001d068208350 2355       1       sun.nio.fs.WindowsPath::getFileSystem (5 bytes)
Event: 3.770 Thread 0x000001d068208350 nmethod 2355 0x000001d05b7e6610 code [0x000001d05b7e67a0, 0x000001d05b7e6868]
Event: 3.770 Thread 0x000001d068050870 2356       4       org.springframework.asm.ClassReader::readUnsignedShort (26 bytes)
Event: 3.772 Thread 0x000001d068050870 nmethod 2356 0x000001d05b7e6910 code [0x000001d05b7e6a80, 0x000001d05b7e6b88]
Event: 3.772 Thread 0x000001d068050870 2357       4       java.util.HashSet::add (20 bytes)
Event: 3.776 Thread 0x000001d068051aa0 2358 %     3       java.lang.StringLatin1::toLowerCase @ 117 (186 bytes)
Event: 3.777 Thread 0x000001d068051aa0 nmethod 2358% 0x000001d054107410 code [0x000001d0541076a0, 0x000001d0541083c0]
Event: 3.777 Thread 0x000001d068208350 2359       3       java.lang.StringLatin1::toLowerCase (186 bytes)
Event: 3.778 Thread 0x000001d068208350 nmethod 2359 0x000001d054108810 code [0x000001d054108aa0, 0x000001d0541095d8]
Event: 3.778 Thread 0x000001d068051aa0 2360       3       java.util.Collections$EmptyMap::values (4 bytes)
Event: 3.778 Thread 0x000001d068208350 2361       3       java.util.Collections$EmptySet::toArray (11 bytes)
Event: 3.778 Thread 0x000001d068051aa0 nmethod 2360 0x000001d054109a10 code [0x000001d054109ba0, 0x000001d054109d10]
Event: 3.778 Thread 0x000001d068208350 nmethod 2361 0x000001d054109e10 code [0x000001d054109fc0, 0x000001d05410a3f8]
Event: 3.784 Thread 0x000001d068051aa0 2363       1       java.util.concurrent.ConcurrentHashMap$MapEntry::getValue (5 bytes)
Event: 3.784 Thread 0x000001d068051aa0 nmethod 2363 0x000001d05b7e6c90 code [0x000001d05b7e6e20, 0x000001d05b7e6ee8]
Event: 3.785 Thread 0x000001d068051aa0 2364       3       org.springframework.core.type.classreading.SimpleMethodMetadataReadingVisitor::getSource (36 bytes)
Event: 3.785 Thread 0x000001d068051aa0 nmethod 2364 0x000001d05410a510 code [0x000001d05410a6c0, 0x000001d05410aaa8]
Event: 3.789 Thread 0x000001d068050870 nmethod 2357 0x000001d05b7e6f90 code [0x000001d05b7e7220, 0x000001d05b7e8630]
Event: 3.789 Thread 0x000001d068050870 2362   !   4       java.util.zip.ZipFile::getEntry (59 bytes)

GC Heap History (4 events):
Event: 2.177 GC heap before
{Heap before GC invocations=0 (full 0):
 garbage-first heap   total 131072K, used 15360K [0x0000000080c00000, 0x0000000100000000)
  region size 1024K, 13 young (13312K), 0 survivors (0K)
 Metaspace       used 3328K, committed 3520K, reserved 1114112K
  class space    used 296K, committed 384K, reserved 1048576K
}
Event: 2.194 GC heap after
{Heap after GC invocations=1 (full 0):
 garbage-first heap   total 131072K, used 7275K [0x0000000080c00000, 0x0000000100000000)
  region size 1024K, 2 young (2048K), 2 survivors (2048K)
 Metaspace       used 3328K, committed 3520K, reserved 1114112K
  class space    used 296K, committed 384K, reserved 1048576K
}
Event: 2.947 GC heap before
{Heap before GC invocations=1 (full 0):
 garbage-first heap   total 131072K, used 20587K [0x0000000080c00000, 0x0000000100000000)
  region size 1024K, 15 young (15360K), 2 survivors (2048K)
 Metaspace       used 7918K, committed 8256K, reserved 1114112K
  class space    used 878K, committed 1024K, reserved 1048576K
}
Event: 2.952 GC heap after
{Heap after GC invocations=2 (full 0):
 garbage-first heap   total 131072K, used 8757K [0x0000000080c00000, 0x0000000100000000)
  region size 1024K, 2 young (2048K), 2 survivors (2048K)
 Metaspace       used 7918K, committed 8256K, reserved 1114112K
  class space    used 878K, committed 1024K, reserved 1048576K
}

Dll operation events (11 events):
Event: 0.098 Loaded shared library C:\Users\janko\.jdks\graalvm-jdk-21.0.5\bin\java.dll
Event: 0.147 Loaded shared library C:\Users\janko\.jdks\graalvm-jdk-21.0.5\bin\jsvml.dll
Event: 0.279 Loaded shared library C:\Users\janko\.jdks\graalvm-jdk-21.0.5\bin\zip.dll
Event: 0.284 Loaded shared library C:\Users\janko\.jdks\graalvm-jdk-21.0.5\bin\jvmcicompiler.dll
Event: 0.287 Loaded shared library C:\Users\janko\.jdks\graalvm-jdk-21.0.5\bin\instrument.dll
Event: 0.303 Loaded shared library C:\Users\janko\.jdks\graalvm-jdk-21.0.5\bin\zip.dll
Event: 0.304 Loaded shared library C:\Users\janko\.jdks\graalvm-jdk-21.0.5\bin\net.dll
Event: 0.307 Loaded shared library C:\Users\janko\.jdks\graalvm-jdk-21.0.5\bin\nio.dll
Event: 0.309 Loaded shared library C:\Users\janko\.jdks\graalvm-jdk-21.0.5\bin\jimage.dll
Event: 1.442 Loaded shared library D:\IntelliJ IDEA Community Edition 2024.3\bin\breakgen64.dll
Event: 1.459 Loaded shared library C:\Users\janko\.jdks\graalvm-jdk-21.0.5\bin\extnet.dll

Deoptimization events (20 events):
Event: 3.671 Thread 0x000001d0485987a0 Uncommon trap: trap_request=0xffffffed fr.pc=0x000001d05b77eb3f relative=0x000000000000049f
Event: 3.671 Thread 0x000001d0485987a0 Uncommon trap: reason=null_assert_or_unreached0 action=reinterpret pc=0x000001d05b77eb3f method=java.util.zip.ZipCoder.hash(Ljava/lang/String;)I @ 4 jvmci
Event: 3.671 Thread 0x000001d0485987a0 DEOPT PACKING pc=0x000001d05b77eb3f sp=0x00000052501fde20
Event: 3.671 Thread 0x000001d0485987a0 DEOPT UNPACKING pc=0x000001d05b164c43 sp=0x00000052501fd238 mode 3
Event: 3.674 Thread 0x000001d0485987a0 Uncommon trap: trap_request=0xffffffed fr.pc=0x000001d05b770784 relative=0x0000000000000084
Event: 3.674 Thread 0x000001d0485987a0 Uncommon trap: reason=null_assert_or_unreached0 action=reinterpret pc=0x000001d05b770784 method=sun.nio.fs.WindowsPathParser.isSlash(C)Z @ 0 jvmci
Event: 3.674 Thread 0x000001d0485987a0 DEOPT PACKING pc=0x000001d05b770784 sp=0x00000052501fe000
Event: 3.674 Thread 0x000001d0485987a0 DEOPT UNPACKING pc=0x000001d05b164c43 sp=0x00000052501fd4a8 mode 3
Event: 3.682 Thread 0x000001d041051d50 Uncommon trap: trap_request=0xffffffcd fr.pc=0x000001d05b7c7b42 relative=0x0000000000000582
Event: 3.682 Thread 0x000001d041051d50 Uncommon trap: reason=intrinsic_or_type_checked_inlining action=reinterpret pc=0x000001d05b7c7b42 method=java.util.regex.Matcher.search(I)Z @ 108 jvmci
Event: 3.682 Thread 0x000001d041051d50 DEOPT PACKING pc=0x000001d05b7c7b42 sp=0x00000052518fdb80
Event: 3.682 Thread 0x000001d041051d50 DEOPT UNPACKING pc=0x000001d05b164c43 sp=0x00000052518fd040 mode 3
Event: 3.719 Thread 0x000001d041051d50 DEOPT PACKING pc=0x000001d0540cc13f sp=0x00000052518fa8b0
Event: 3.719 Thread 0x000001d041051d50 DEOPT UNPACKING pc=0x000001d05b164c43 sp=0x00000052518f9d88 mode 0
Event: 3.745 Thread 0x000001d0485987a0 Uncommon trap: trap_request=0xffffffed fr.pc=0x000001d05b7e1b01 relative=0x0000000000000261
Event: 3.745 Thread 0x000001d0485987a0 Uncommon trap: reason=null_assert_or_unreached0 action=reinterpret pc=0x000001d05b7e1b01 method=java.util.Arrays.equals([Ljava/lang/Object;[Ljava/lang/Object;)Z @ 44 jvmci
Event: 3.745 Thread 0x000001d0485987a0 DEOPT PACKING pc=0x000001d05b7e1b01 sp=0x00000052501fd500
Event: 3.745 Thread 0x000001d0485987a0 DEOPT UNPACKING pc=0x000001d05b164c43 sp=0x00000052501fc9b0 mode 3
Event: 3.778 Thread 0x000001d041051d50 DEOPT PACKING pc=0x000001d053cbf921 sp=0x00000052518fd8a0
Event: 3.778 Thread 0x000001d041051d50 DEOPT UNPACKING pc=0x000001d05b164c43 sp=0x00000052518fcd60 mode 0

Classes loaded (20 events):
Event: 3.772 Loading class java/util/ResourceBundle$ResourceBundleControlProviderHolder
Event: 3.772 Loading class java/util/ResourceBundle$ResourceBundleControlProviderHolder done
Event: 3.772 Loading class java/util/spi/ResourceBundleControlProvider
Event: 3.773 Loading class java/util/spi/ResourceBundleControlProvider done
Event: 3.774 Loading class java/util/ResourceBundle$CacheKey
Event: 3.774 Loading class java/util/ResourceBundle$CacheKey done
Event: 3.774 Loading class java/util/ResourceBundle$KeyElementReference
Event: 3.774 Loading class java/util/ResourceBundle$CacheKeyReference
Event: 3.774 Loading class java/util/ResourceBundle$CacheKeyReference done
Event: 3.774 Loading class java/util/ResourceBundle$KeyElementReference done
Event: 3.775 Loading class java/util/ResourceBundle$Control$2
Event: 3.775 Loading class java/util/ResourceBundle$Control$2 done
Event: 3.780 Loading class java/util/PropertyResourceBundle
Event: 3.781 Loading class java/util/PropertyResourceBundle done
Event: 3.781 Loading class sun/util/PropertyResourceBundleCharset
Event: 3.782 Loading class sun/util/PropertyResourceBundleCharset done
Event: 3.782 Loading class sun/util/PropertyResourceBundleCharset$PropertiesFileDecoder
Event: 3.783 Loading class sun/util/PropertyResourceBundleCharset$PropertiesFileDecoder done
Event: 3.784 Loading class java/util/ResourceBundle$BundleReference
Event: 3.784 Loading class java/util/ResourceBundle$BundleReference done

Classes unloaded (0 events):
No events

Classes redefined (0 events):
No events

Internal exceptions (20 events):
Event: 2.972 Thread 0x000001d0485987a0 Exception <a 'java/lang/NoSuchMethodError'{0x0000000088bb1d28}: 'int java.lang.invoke.DirectMethodHandle$Holder.invokeSpecialIFC(java.lang.Object, java.lang.Object, java.lang.Object, java.lang.Object)'> (0x0000000088bb1d28) 
thrown [s\open\src\hotspot\share\interpreter\linkResolver.cpp, line 773]
Event: 3.008 Thread 0x000001d0485987a0 Exception <a 'java/lang/NoSuchMethodError'{0x0000000088a5a428}: 'void java.lang.invoke.DirectMethodHandle$Holder.invokeInterface(java.lang.Object, java.lang.Object, java.lang.Object)'> (0x0000000088a5a428) 
thrown [s\open\src\hotspot\share\interpreter\linkResolver.cpp, line 773]
Event: 3.035 Thread 0x000001d0485987a0 Exception <a 'java/lang/NoSuchMethodError'{0x0000000088ae3ae0}: 'void java.lang.invoke.DirectMethodHandle$Holder.invokeStaticInit(java.lang.Object, java.lang.Object, java.lang.Object)'> (0x0000000088ae3ae0) 
thrown [s\open\src\hotspot\share\interpreter\linkResolver.cpp, line 773]
Event: 3.040 Thread 0x000001d0485987a0 Exception <a 'java/lang/NoSuchMethodError'{0x000000008891b8d8}: 'java.lang.Object java.lang.invoke.DirectMethodHandle$Holder.invokeStaticInit(java.lang.Object, int)'> (0x000000008891b8d8) 
thrown [s\open\src\hotspot\share\interpreter\linkResolver.cpp, line 773]
Event: 3.043 Thread 0x000001d0485987a0 Exception <a 'java/lang/NoSuchMethodError'{0x00000000889259d8}: 'java.lang.Object java.lang.invoke.DirectMethodHandle$Holder.invokeStatic(java.lang.Object, int, java.lang.Object)'> (0x00000000889259d8) 
thrown [s\open\src\hotspot\share\interpreter\linkResolver.cpp, line 773]
Event: 3.043 Thread 0x000001d0485987a0 Exception <a 'java/lang/NoSuchMethodError'{0x0000000088929038}: 'java.lang.Object java.lang.invoke.DirectMethodHandle$Holder.invokeStaticInit(java.lang.Object, int, java.lang.Object)'> (0x0000000088929038) 
thrown [s\open\src\hotspot\share\interpreter\linkResolver.cpp, line 773]
Event: 3.051 Thread 0x000001d0485987a0 Exception <a 'java/lang/NoSuchMethodError'{0x0000000088944f70}: 'java.lang.Object java.lang.invoke.DirectMethodHandle$Holder.invokeVirtual(java.lang.Object, java.lang.Object, java.lang.Object)'> (0x0000000088944f70) 
thrown [s\open\src\hotspot\share\interpreter\linkResolver.cpp, line 773]
Event: 3.104 Thread 0x000001d0485987a0 Exception <a 'java/lang/NoSuchMethodError'{0x000000008882dd00}: 'void java.lang.invoke.DirectMethodHandle$Holder.invokeVirtual(java.lang.Object, java.lang.Object, java.lang.Object, java.lang.Object)'> (0x000000008882dd00) 
thrown [s\open\src\hotspot\share\interpreter\linkResolver.cpp, line 773]
Event: 3.208 Thread 0x000001d0485987a0 Exception <a 'java/lang/NoSuchMethodError'{0x0000000088666840}: 'java.lang.Object java.lang.invoke.Invokers$Holder.invoke_MT(java.lang.Object, java.lang.Object, java.lang.Object, java.lang.Object, java.lang.Object, java.lang.Object, java.lang.Object, java.lang.Object, java.lang.Object)'> (0x0000000088666840) 
thrown [s\open\src\hotspot\share\interpreter\linkResolver.cpp, line 773]
Event: 3.213 Thread 0x000001d041051d50 Exception <a 'java/lang/NoClassDefFoundError'{0x0000000088685870}: jakarta/validation/Validation> (0x0000000088685870) 
thrown [s\open\src\hotspot\share\classfile\systemDictionary.cpp, line 301]
Event: 3.214 Thread 0x000001d0485987a0 Exception <a 'java/lang/NoSuchMethodError'{0x00000000886b69f0}: 'java.lang.reflect.Field[] java.lang.Class.getDeclaredFields(java.lang.Class)'> (0x00000000886b69f0) 
thrown [s\open\src\hotspot\share\interpreter\linkResolver.cpp, line 773]
Event: 3.229 Thread 0x000001d0485987a0 Exception <a 'java/lang/IncompatibleClassChangeError'{0x0000000088546c68}: Found class java.lang.Object, but interface was expected> (0x0000000088546c68) 
thrown [s\open\src\hotspot\share\interpreter\linkResolver.cpp, line 840]
Event: 3.674 Thread 0x000001d0485987a0 Exception <a 'java/lang/NoSuchMethodError'{0x0000000086d48740}: 'int java.lang.invoke.DirectMethodHandle$Holder.invokeSpecial(java.lang.Object, java.lang.Object, java.lang.Object, java.lang.Object, java.lang.Object)'> (0x0000000086d48740) 
thrown [s\open\src\hotspot\share\interpreter\linkResolver.cpp, line 773]
Event: 3.678 Thread 0x000001d0485987a0 Exception <a 'java/lang/NoSuchMethodError'{0x0000000086d50b80}: 'void java.lang.invoke.DirectMethodHandle$Holder.invokeVirtual(java.lang.Object, java.lang.Object)'> (0x0000000086d50b80) 
thrown [s\open\src\hotspot\share\interpreter\linkResolver.cpp, line 773]
Event: 3.740 Thread 0x000001d041051d50 Exception <a 'java/lang/NoSuchMethodError'{0x000000008690cf00}: 'long java.lang.invoke.DirectMethodHandle$Holder.invokeSpecial(java.lang.Object, java.lang.Object)'> (0x000000008690cf00) 
thrown [s\open\src\hotspot\share\interpreter\linkResolver.cpp, line 773]
Event: 3.743 Thread 0x000001d041051d50 Exception <a 'java/lang/NoSuchMethodError'{0x0000000086916820}: 'long java.lang.invoke.DirectMethodHandle$Holder.invokeStatic(java.lang.Object, java.lang.Object)'> (0x0000000086916820) 
thrown [s\open\src\hotspot\share\interpreter\linkResolver.cpp, line 773]
Event: 3.743 Thread 0x000001d041051d50 Exception <a 'java/lang/NoSuchMethodError'{0x00000000869198e8}: 'long java.lang.invoke.DirectMethodHandle$Holder.invokeStaticInit(java.lang.Object, java.lang.Object)'> (0x00000000869198e8) 
thrown [s\open\src\hotspot\share\interpreter\linkResolver.cpp, line 773]
Event: 3.746 Thread 0x000001d041051d50 Exception <a 'java/lang/NoSuchMethodError'{0x000000008695d018}: 'long java.lang.invoke.DirectMethodHandle$Holder.invokeInterface(java.lang.Object, java.lang.Object)'> (0x000000008695d018) 
thrown [s\open\src\hotspot\share\interpreter\linkResolver.cpp, line 773]
Event: 3.747 Thread 0x000001d041051d50 Exception <a 'java/lang/IncompatibleClassChangeError'{0x0000000086960028}: Found class java.lang.Object, but interface was expected> (0x0000000086960028) 
thrown [s\open\src\hotspot\share\interpreter\linkResolver.cpp, line 840]
Event: 3.753 Thread 0x000001d041051d50 Exception <a 'java/lang/NoSuchMethodError'{0x0000000086977f78}: 'java.lang.Object java.lang.invoke.DirectMethodHandle$Holder.invokeVirtual(java.lang.Object, java.lang.Object, java.lang.Object, java.lang.Object)'> (0x0000000086977f78) 
thrown [s\open\src\hotspot\share\interpreter\linkResolver.cpp, line 773]

ZGC Phase Switch (0 events):
No events

VM Operations (20 events):
Event: 2.606 Executing VM operation: HandshakeAllThreads (Deoptimize)
Event: 2.606 Executing VM operation: HandshakeAllThreads (Deoptimize) done
Event: 2.909 Executing VM operation: HandshakeAllThreads (Deoptimize)
Event: 2.909 Executing VM operation: HandshakeAllThreads (Deoptimize) done
Event: 2.947 Executing VM operation: G1CollectForAllocation (G1 Evacuation Pause)
Event: 2.952 Executing VM operation: G1CollectForAllocation (G1 Evacuation Pause) done
Event: 3.191 Executing VM operation: HandshakeAllThreads (Deoptimize)
Event: 3.191 Executing VM operation: HandshakeAllThreads (Deoptimize) done
Event: 3.194 Executing VM operation: HandshakeAllThreads (Deoptimize)
Event: 3.194 Executing VM operation: HandshakeAllThreads (Deoptimize) done
Event: 3.209 Executing VM operation: ICBufferFull
Event: 3.209 Executing VM operation: ICBufferFull done
Event: 3.438 Executing VM operation: HandshakeAllThreads (Deoptimize)
Event: 3.438 Executing VM operation: HandshakeAllThreads (Deoptimize) done
Event: 3.439 Executing VM operation: HandshakeAllThreads (Deoptimize)
Event: 3.439 Executing VM operation: HandshakeAllThreads (Deoptimize) done
Event: 3.563 Executing VM operation: HandshakeAllThreads (Deoptimize)
Event: 3.563 Executing VM operation: HandshakeAllThreads (Deoptimize) done
Event: 3.635 Executing VM operation: HandshakeAllThreads (Deoptimize)
Event: 3.635 Executing VM operation: HandshakeAllThreads (Deoptimize) done

Events (14 events):
Event: 0.124 Thread 0x000001d0485987a0 Thread added: 0x000001d0485987a0
Event: 0.145 Thread 0x000001d06803f810 Thread added: 0x000001d06803f810
Event: 0.145 Thread 0x000001d0680407f0 Thread added: 0x000001d0680407f0
Event: 0.145 Thread 0x000001d0680435c0 Thread added: 0x000001d0680435c0
Event: 0.145 Thread 0x000001d0680462a0 Thread added: 0x000001d0680462a0
Event: 0.146 Thread 0x000001d068047560 Thread added: 0x000001d068047560
Event: 0.146 Thread 0x000001d068048820 Thread added: 0x000001d068048820
Event: 0.146 Thread 0x000001d068050870 Thread added: 0x000001d068050870
Event: 0.146 Thread 0x000001d068051aa0 Thread added: 0x000001d068051aa0
Event: 0.246 Thread 0x000001d06800cc70 Thread added: 0x000001d06800cc70
Event: 0.261 Thread 0x000001d068208350 Thread added: 0x000001d068208350
Event: 1.442 Thread 0x000001d0686b7a10 Thread added: 0x000001d0686b7a10
Event: 1.443 Thread 0x000001d0686b8070 Thread added: 0x000001d0686b8070
Event: 3.203 Thread 0x000001d041051d50 Thread added: 0x000001d041051d50


Dynamic libraries:
0x00007ff607dc0000 - 0x00007ff607dd0000 	C:\Users\janko\.jdks\graalvm-jdk-21.0.5\bin\java.exe
0x00007fff4dc10000 - 0x00007fff4de08000 	C:\WINDOWS\SYSTEM32\ntdll.dll
0x00007fff10df0000 - 0x00007fff10e10000 	C:\Program Files\Avast Software\Avast\aswhook.dll
0x00007fff4db00000 - 0x00007fff4dbc2000 	C:\WINDOWS\System32\KERNEL32.DLL
0x00007fff4b930000 - 0x00007fff4bc27000 	C:\WINDOWS\System32\KERNELBASE.dll
0x00007fff4b830000 - 0x00007fff4b930000 	C:\WINDOWS\System32\ucrtbase.dll
0x00007fff42d80000 - 0x00007fff42d99000 	C:\Users\janko\.jdks\graalvm-jdk-21.0.5\bin\jli.dll
0x00007fff4c850000 - 0x00007fff4c901000 	C:\WINDOWS\System32\ADVAPI32.dll
0x00007fff4c720000 - 0x00007fff4c7be000 	C:\WINDOWS\System32\msvcrt.dll
0x00007fff4d810000 - 0x00007fff4d8af000 	C:\WINDOWS\System32\sechost.dll
0x00007fff4d8b0000 - 0x00007fff4d9d6000 	C:\WINDOWS\System32\RPCRT4.dll
0x00007fff4b2d0000 - 0x00007fff4b2f7000 	C:\WINDOWS\System32\bcrypt.dll
0x00007fff4c240000 - 0x00007fff4c3dd000 	C:\WINDOWS\System32\USER32.dll
0x00007fff43b10000 - 0x00007fff43b2b000 	C:\Users\janko\.jdks\graalvm-jdk-21.0.5\bin\VCRUNTIME140.dll
0x00007fff4b2a0000 - 0x00007fff4b2c2000 	C:\WINDOWS\System32\win32u.dll
0x00007fff4d7e0000 - 0x00007fff4d80b000 	C:\WINDOWS\System32\GDI32.dll
0x00007fff4b500000 - 0x00007fff4b619000 	C:\WINDOWS\System32\gdi32full.dll
0x00007fff4b460000 - 0x00007fff4b4fd000 	C:\WINDOWS\System32\msvcp_win.dll
0x00007fff3eb60000 - 0x00007fff3edfa000 	C:\WINDOWS\WinSxS\amd64_microsoft.windows.common-controls_6595b64144ccf1df_6.0.19041.5915_none_60b4b9d171f9c7c7\COMCTL32.dll
0x00007fff45060000 - 0x00007fff4506a000 	C:\WINDOWS\SYSTEM32\VERSION.dll
0x00007fff4bc30000 - 0x00007fff4bc5f000 	C:\WINDOWS\System32\IMM32.DLL
0x00007fff485d0000 - 0x00007fff485dc000 	C:\Users\janko\.jdks\graalvm-jdk-21.0.5\bin\vcruntime140_1.dll
0x00007fff33a30000 - 0x00007fff33abe000 	C:\Users\janko\.jdks\graalvm-jdk-21.0.5\bin\msvcp140.dll
0x00007ffeda970000 - 0x00007ffedb693000 	C:\Users\janko\.jdks\graalvm-jdk-21.0.5\bin\server\jvm.dll
0x00007fff4d080000 - 0x00007fff4d0eb000 	C:\WINDOWS\System32\WS2_32.dll
0x00007fff4a830000 - 0x00007fff4a87b000 	C:\WINDOWS\SYSTEM32\POWRPROF.dll
0x00007fff421a0000 - 0x00007fff421c7000 	C:\WINDOWS\SYSTEM32\WINMM.dll
0x00007fff4a6a0000 - 0x00007fff4a6b2000 	C:\WINDOWS\SYSTEM32\UMPDC.dll
0x00007fff49140000 - 0x00007fff49152000 	C:\WINDOWS\SYSTEM32\kernel.appcore.dll
0x00007fff483f0000 - 0x00007fff483fa000 	C:\Users\janko\.jdks\graalvm-jdk-21.0.5\bin\jimage.dll
0x00007fff45590000 - 0x00007fff45791000 	C:\WINDOWS\SYSTEM32\DBGHELP.DLL
0x00007fff44680000 - 0x00007fff446b4000 	C:\WINDOWS\SYSTEM32\dbgcore.DLL
0x00007fff4b300000 - 0x00007fff4b382000 	C:\WINDOWS\System32\bcryptPrimitives.dll
0x00007fff36bc0000 - 0x00007fff36bcf000 	C:\Users\janko\.jdks\graalvm-jdk-21.0.5\bin\instrument.dll
0x00007fff38a40000 - 0x00007fff38a5f000 	C:\Users\janko\.jdks\graalvm-jdk-21.0.5\bin\java.dll
0x00007fff4c910000 - 0x00007fff4d07e000 	C:\WINDOWS\System32\SHELL32.dll
0x00007fff49340000 - 0x00007fff49ae4000 	C:\WINDOWS\SYSTEM32\windows.storage.dll
0x00007fff4d480000 - 0x00007fff4d7d3000 	C:\WINDOWS\System32\combase.dll
0x00007fff4acd0000 - 0x00007fff4acfb000 	C:\WINDOWS\SYSTEM32\Wldp.dll
0x00007fff4c4c0000 - 0x00007fff4c58d000 	C:\WINDOWS\System32\OLEAUT32.dll
0x00007fff4d2a0000 - 0x00007fff4d34d000 	C:\WINDOWS\System32\SHCORE.dll
0x00007fff4bc80000 - 0x00007fff4bcdb000 	C:\WINDOWS\System32\shlwapi.dll
0x00007fff4b1d0000 - 0x00007fff4b1f4000 	C:\WINDOWS\SYSTEM32\profapi.dll
0x00007fff32410000 - 0x00007fff324e7000 	C:\Users\janko\.jdks\graalvm-jdk-21.0.5\bin\jsvml.dll
0x00007fff36cc0000 - 0x00007fff36cd8000 	C:\Users\janko\.jdks\graalvm-jdk-21.0.5\bin\zip.dll
0x00007ffea5700000 - 0x00007ffea8665000 	C:\Users\janko\.jdks\graalvm-jdk-21.0.5\bin\jvmcicompiler.dll
0x00007fff4bc70000 - 0x00007fff4bc78000 	C:\WINDOWS\System32\PSAPI.DLL
0x00007fff4b6d0000 - 0x00007fff4b82d000 	C:\WINDOWS\System32\CRYPT32.dll
0x00007fff4b150000 - 0x00007fff4b17e000 	C:\WINDOWS\SYSTEM32\USERENV.dll
0x00007fff4ad40000 - 0x00007fff4ad67000 	C:\WINDOWS\SYSTEM32\ncrypt.dll
0x00007fff4a6c0000 - 0x00007fff4a6fb000 	C:\WINDOWS\SYSTEM32\IPHLPAPI.DLL
0x00007fff4aa30000 - 0x00007fff4aa9a000 	C:\WINDOWS\SYSTEM32\MSWSOCK.dll
0x00007fff4ad00000 - 0x00007fff4ad3b000 	C:\WINDOWS\SYSTEM32\NTASN1.dll
0x00007fff43d50000 - 0x00007fff43d60000 	C:\Users\janko\.jdks\graalvm-jdk-21.0.5\bin\net.dll
0x00007fff46450000 - 0x00007fff4655a000 	C:\WINDOWS\SYSTEM32\WINHTTP.dll
0x00007fff38a00000 - 0x00007fff38a16000 	C:\Users\janko\.jdks\graalvm-jdk-21.0.5\bin\nio.dll
0x00007fff364d0000 - 0x00007fff364ea000 	D:\IntelliJ IDEA Community Edition 2024.3\bin\breakgen64.dll
0x00007fff36e70000 - 0x00007fff36e79000 	C:\Users\janko\.jdks\graalvm-jdk-21.0.5\bin\extnet.dll

dbghelp: loaded successfully - version: 4.0.5 - missing functions: none
symbol engine: initialized successfully - sym options: 0x614 - pdb path: .;C:\Users\janko\.jdks\graalvm-jdk-21.0.5\bin;C:\WINDOWS\SYSTEM32;C:\Program Files\Avast Software\Avast;C:\WINDOWS\WinSxS\amd64_microsoft.windows.common-controls_6595b64144ccf1df_6.0.19041.5915_none_60b4b9d171f9c7c7;C:\Users\janko\.jdks\graalvm-jdk-21.0.5\bin\server;D:\IntelliJ IDEA Community Edition 2024.3\bin

VM Arguments:
jvm_args: -XX:ThreadPriorityPolicy=1 -XX:+UnlockExperimentalVMOptions -XX:+EnableJVMCIProduct -XX:-UnlockExperimentalVMOptions -javaagent:D:\IntelliJ IDEA Community Edition 2024.3\lib\idea_rt.jar=64185:D:\IntelliJ IDEA Community Edition 2024.3\bin -Dfile.encoding=UTF-8 -Dsun.stdout.encoding=UTF-8 -Dsun.stderr.encoding=UTF-8 
java_command: com.fineforms.backend.FormServiceApplicationFF
java_class_path (initial): D:\IntelliJ IDEA Community Edition 2024.3\FineFormsJJ\target\classes;C:\Users\janko\.m2\repository\org\springframework\boot\spring-boot-starter\3.5.5\spring-boot-starter-3.5.5.jar;C:\Users\janko\.m2\repository\org\springframework\boot\spring-boot\3.5.5\spring-boot-3.5.5.jar;C:\Users\janko\.m2\repository\org\springframework\spring-context\6.2.10\spring-context-6.2.10.jar;C:\Users\janko\.m2\repository\org\springframework\boot\spring-boot-autoconfigure\3.5.5\spring-boot-autoconfigure-3.5.5.jar;C:\Users\janko\.m2\repository\org\springframework\boot\spring-boot-starter-logging\3.5.5\spring-boot-starter-logging-3.5.5.jar;C:\Users\janko\.m2\repository\ch\qos\logback\logback-classic\1.5.18\logback-classic-1.5.18.jar;C:\Users\janko\.m2\repository\ch\qos\logback\logback-core\1.5.18\logback-core-1.5.18.jar;C:\Users\janko\.m2\repository\org\apache\logging\log4j\log4j-to-slf4j\2.24.3\log4j-to-slf4j-2.24.3.jar;C:\Users\janko\.m2\repository\org\apache\logging\log4j\log4j-api\2.24.3\log4j-api-2.24.3.jar;C:\Users\janko\.m2\repository\org\slf4j\jul-to-slf4j\2.0.17\jul-to-slf4j-2.0.17.jar;C:\Users\janko\.m2\repository\jakarta\annotation\jakarta.annotation-api\2.1.1\jakarta.annotation-api-2.1.1.jar;C:\Users\janko\.m2\repository\org\springframework\spring-core\6.2.10\spring-core-6.2.10.jar;C:\Users\janko\.m2\repository\org\springframework\spring-jcl\6.2.10\spring-jcl-6.2.10.jar;C:\Users\janko\.m2\repository\org\yaml\snakeyaml\2.4\snakeyaml-2.4.jar;C:\Users\janko\.m2\repository\org\springframework\boot\spring-boot-starter-web\3.5.5\spring-boot-starter-web-3.5.5.jar;C:\Users\janko\.m2\repository\org\springframework\boot\spring-boot-starter-json\3.5.5\spring-boot-starter-json-3.5.5.jar;C:\Users\janko\.m2\repository\com\fasterxml\jackson\core\jackson-databind\2.19.2\jackson-databind-2.19.2.jar;C:\Users\janko\.m2\repository\com\fasterxml\jackson\core\jackson-annotations\2.19.2\jackson-annotations-2.19.2.jar;C:\Users\janko\.m2\repository\com\fasterxml\jackson\core\jackson-core\2.19.2\jackson-core-2.19.2.jar;C:\Users\janko\.m2\repository\com\fasterxml\jackson\datatype\jackson-datatype-jdk8\2.19.2\jackson-datatype-jdk8-2.19.2.jar;C:\Users\janko\.m2\repository\com\fasterxml\jackson\datatype\jackson-datatype-jsr310\2.19.2\jackson-datatype-jsr310-2.19.2.jar;C:\Users\janko\.m2\repository\com\fasterxml\jackson\module\jackson-module-parameter-names\2.19.2\jackson-module-parameter-names-2.19.2.jar;C:\Users\janko\.m2\repository\org\springframework\boot\spring-boot-starter-tomcat\3.5.5\spring-boot-starter-tomcat-3.5.5.jar;C:\Users\janko\.m2\repository\org\apache\tomcat\embed\tomcat-embed-core\10.1.44\tomcat-embed-core-10.1.44.jar;C:\Users\janko\.m2\repository\org\apache\tomcat\embed\tomcat-embed-el\10.1.44\tomcat-embed-el-10.1.44.jar;C:\Users\janko\.m2\repository\org\apache\tomcat\embed\tomcat-embed-websocket\10.1.44\tomcat-embed-websocket-10.1.44.jar;C:\Users\janko\.m2\repository\org\springframework\spring-web\6.2.10\spring-web-6.2.10.jar;C:\Users\janko\.m2\repository\org\springframework\spring-beans\6.2.10\spring-beans-6.2.10.jar;C:\Users\janko\.m2\repository\io\micrometer\micrometer-observation\1.15.3\micrometer-observation-1.15.3.jar;C:\Users\janko\.m2\repository\io\micrometer\micrometer-commons\1.15.3\micrometer-commons-1.15.3.jar;C:\Users\janko\.m2\repository\org\springframework\spring-webmvc\6.2.10\spring-webmvc-6.2.10.jar;C:\Users\janko\.m2\repository\org\springframework\spring-aop\6.2.10\spring-aop-6.2.10.jar;C:\Users\janko\.m2\repository\org\springframework\spring-expression\6.2.10\spring-expression-6.2.10.jar;C:\Users\janko\.m2\repository\org\springframework\boot\spring-boot-starter-data-jpa\3.5.5\spring-boot-starter-data-jpa-3.5.5.jar;C:\Users\janko\.m2\repository\org\springframework\boot\spring-boot-starter-jdbc\3.5.5\spring-boot-starter-jdbc-3.5.5.jar;C:\Users\janko\.m2\repository\com\zaxxer\HikariCP\6.3.2\HikariCP-6.3.2.jar;C:\Users\janko\.m2\repository\org\springframework\spring-jdbc\6.2.10\spring-jdbc-6.2.10.jar;C:\Users\janko\.m2\repository\org\hibernate\orm\hibernate-core\6.6.26.Final\hibernate-core-6.6.26.Final.jar;C:\Users\janko\.m2\repository\jakarta\transaction\jakarta.transaction-api\2.0.1\jakarta.transaction-api-2.0.1.jar;C:\Users\janko\.m2\repository\org\jboss\logging\jboss-logging\3.6.1.Final\jboss-logging-3.6.1.Final.jar;C:\Users\janko\.m2\repository\org\hibernate\common\hibernate-commons-annotations\7.0.3.Final\hibernate-commons-annotations-7.0.3.Final.jar;C:\Users\janko\.m2\repository\io\smallrye\jandex\3.2.0\jandex-3.2.0.jar;C:\Users\janko\.m2\repository\com\fasterxml\classmate\1.7.0\classmate-1.7.0.jar;C:\Users\janko\.m2\repository\net\bytebuddy\byte-buddy\1.17.7\byte-buddy-1.17.7.jar;C:\Users\janko\.m2\repository\org\glassfish\jaxb\jaxb-runtime\4.0.5\jaxb-runtime-4.0.5.jar;C:\Users\janko\.m2\repository\org\glassfish\jaxb\jaxb-core\4.0.5\jaxb-core-4.0.5.jar;C:\Users\janko\.m2\repository\org\eclipse\angus\angus-activation\2.0.2\angus-activation-2.0.2.jar;C:\Users\janko\.m2\repository\org\glassfish\jaxb\txw2\4.0.5\txw2-4.0.5.jar;C:\Users\janko\.m2\repository\com\sun\istack\istack-commons-runtime\4.1.2\istack-commons-runtime-4.1.2.jar;C:\Users\janko\.m2\repository\jakarta\inject\jakarta.inject-api\2.0.1\jakarta.inject-api-2.0.1.jar;C:\Users\janko\.m2\repository\org\antlr\antlr4-runtime\4.13.0\antlr4-runtime-4.13.0.jar;C:\Users\janko\.m2\repository\org\springframework\data\spring-data-jpa\3.5.3\spring-data-jpa-3.5.3.jar;C:\Users\janko\.m2\repository\org\springframework\data\spring-data-commons\3.5.3\spring-data-commons-3.5.3.jar;C:\Users\janko\.m2\repository\org\springframework\spring-orm\6.2.10\spring-orm-6.2.10.jar;C:\Users\janko\.m2\repository\org\springframework\spring-tx\6.2.10\spring-tx-6.2.10.jar;C:\Users\janko\.m2\repository\org\slf4j\slf4j-api\2.0.17\slf4j-api-2.0.17.jar;C:\Users\janko\.m2\repository\org\springframework\spring-aspects\6.2.10\spring-aspects-6.2.10.jar;C:\Users\janko\.m2\repository\org\aspectj\aspectjweaver\1.9.24\aspectjweaver-1.9.24.jar;C:\Users\janko\.m2\repository\com\h2database\h2\2.3.232\h2-2.3.232.jar;C:\Users\janko\.m2\repository\org\projectlombok\lombok\1.18.38\lombok-1.18.38.jar;C:\Users\janko\.m2\repository\jakarta\persistence\jakarta.persistence-api\3.1.0\jakarta.persistence-api-3.1.0.jar;C:\Users\janko\.m2\repository\jakarta\xml\bind\jakarta.xml.bind-api\4.0.2\jakarta.xml.bind-api-4.0.2.jar;C:\Users\janko\.m2\repository\jakarta\activation\jakarta.activation-api\2.1.3\jakarta.activation-api-2.1.3.jar
Launcher Type: SUN_STANDARD

[Global flags]
     intx CICompilerCount                          = 3                                         {product} {ergonomic}
     uint ConcGCThreads                            = 1                                         {product} {ergonomic}
     bool EnableJVMCIProduct                       = true                                {JVMCI product} {jimage}
     uint G1ConcRefinementThreads                  = 4                                         {product} {ergonomic}
   size_t G1HeapRegionSize                         = 1048576                                   {product} {ergonomic}
    uintx GCDrainStackTargetSize                   = 64                                        {product} {ergonomic}
   size_t InitialHeapSize                          = 134217728                                 {product} {ergonomic}
   size_t MarkStackSize                            = 4194304                                   {product} {ergonomic}
   size_t MaxHeapSize                              = 2134900736                                {product} {ergonomic}
   size_t MaxNewSize                               = 1280311296                                {product} {ergonomic}
   size_t MinHeapDeltaBytes                        = 1048576                                   {product} {ergonomic}
   size_t MinHeapSize                              = 8388608                                   {product} {ergonomic}
    uintx NonNMethodCodeHeapSize                   = 6402904                                {pd product} {ergonomic}
    uintx NonProfiledCodeHeapSize                  = 122627668                              {pd product} {ergonomic}
    uintx ProfiledCodeHeapSize                     = 122627668                              {pd product} {ergonomic}
    uintx ReservedCodeCacheSize                    = 251658240                              {pd product} {ergonomic}
     bool SegmentedCodeCache                       = true                                      {product} {ergonomic}
   size_t SoftMaxHeapSize                          = 2134900736                             {manageable} {ergonomic}
      int ThreadPriorityPolicy                     = 1                                         {product} {jimage}
     bool UseCompressedOops                        = true                           {product lp64_product} {ergonomic}
     bool UseG1GC                                  = true                                      {product} {ergonomic}
     bool UseLargePagesIndividualAllocation        = false                                  {pd product} {ergonomic}

Logging:
Log output configuration:
 #0: stdout all=warning uptime,level,tags foldmultilines=false
 #1: stderr all=off uptime,level,tags foldmultilines=false

Environment Variables:
JAVA_HOME=C:\Program Files\Java\jdk-21
PATH=C:\Program Files\Common Files\Oracle\Java\javapath;C:\Program Files (x86)\Common Files\Oracle\Java\java8path;C:\Program Files (x86)\Common Files\Oracle\Java\javapath;C:\Program Files\Microsoft MPI\Bin\;D:\super tajne stvari\vmware\bin\;C:\WINDOWS\system32;C:\WINDOWS;C:\WINDOWS\System32\Wbem;C:\WINDOWS\System32\WindowsPowerShell\v1.0\;C:\WINDOWS\System32\OpenSSH\;C:\Program Files\dotnet\;C:\Program Files\Microsoft SQL Server\130\Tools\Binn\;C:\Program Files\Microsoft SQL Server\Client SDK\ODBC\170\Tools\Binn\;C:\Program Files (x86)\NVIDIA Corporation\PhysX\Common;C:\MinGW\bin;%JAVA_HOME%\bin;C:\Users\janko\AppData\Local\Microsoft\WindowsApps;C:\Users\janko\.dotnet\tools;C:\MinGW\bin;D:\visual code\Microsoft VS Code\bin;D:\mingw\mingw64\bin;C:\Users\janko\AppData\Local\GitHubDesktop\bin;D:\IntelliJ IDEA Community Edition 2024.3\bin;
USERNAME=janko
OS=Windows_NT
PROCESSOR_IDENTIFIER=AMD64 Family 23 Model 17 Stepping 0, AuthenticAMD
TMP=C:\Users\janko\AppData\Local\Temp
TEMP=C:\Users\janko\AppData\Local\Temp




Periodic native trim disabled

---------------  S Y S T E M  ---------------

OS:
 Windows 10 , 64 bit Build 19041 (10.0.19041.5915)
OS uptime: 9 days 11:13 hours

CPU: total 4 (initial active 4) (4 cores per cpu, 1 threads per core) family 23 model 17 stepping 0 microcode 0x0, cx8, cmov, fxsr, mmx, 3dnowpref, sse, sse2, sse3, ssse3, sse4a, sse4.1, sse4.2, popcnt, lzcnt, tsc, tscinvbit, avx, avx2, aes, clmul, bmi1, bmi2, adx, sha, fma, vzeroupper, clflush, clflushopt, rdtscp, f16c
Processor Information for all 4 processors :
  Max Mhz: 3500, Current Mhz: 3500, Mhz Limit: 3500

Memory: 4k page, system-wide physical 8140M (435M free)
TotalPageFile size 15137M (AvailPageFile size 1M)
current process WorkingSet (physical memory assigned to process): 166M, peak: 166M
current process commit charge ("private bytes"): 269M, peak: 269M

vm_info: Java HotSpot(TM) 64-Bit Server VM (21.0.5+9-LTS-jvmci-23.1-b48) for windows-amd64 JRE (21.0.5+9-LTS-jvmci-23.1-b48), built on 2024-10-01T10:26:49Z by "OCIWIN28Buildbot" with MS VC++ 17.6 (VS2022)

END.
